Member Name,Event Type,Event Date,Battle Score,Attendance,Notes
Prison◇Mike,Polar Invasion,2026-05-12 09:00,206807,Present,
morizou57577,Polar Invasion,2026-05-12 09:00,122535,Present,
SUN,Polar Invasion,2026-05-12 09:00,107238,Present,UNMATCHED
Prison◇Tyke,Polar Invasion,2026-05-12 09:00,95191,Present,
Samsoon,Polar Invasion,2026-05-12 09:00,88222,Present,
UltraViolet,Polar Invasion,2026-05-12 09:00,78174,Present,
Dwh,Polar Invasion,2026-05-12 09:00,73697,Present,UNMATCHED
Sir_Crocodile,Polar Invasion,2026-05-12 09:00,44450,Present,
Yoeshua,Polar Invasion,2026-05-12 09:00,43497,Present,
Hei,Polar Invasion,2026-05-12 09:00,41141,Present,
MOM) Denya,Polar Invasion,2026-05-12 09:00,39848,Present,UNMATCHED
Alisa,Polar Invasion,2026-05-12 09:00,39716,Present,
Beni,Polar Invasion,2026-05-12 09:00,38934,Present,
Titiboss,Polar Invasion,2026-05-12 09:00,37356,Present,
Tosu,Polar Invasion,2026-05-12 09:00,36296,Present,UNMATCHED
DesTr0y,Polar Invasion,2026-05-12 09:00,31161,Present,
Mkhitar,Polar Invasion,2026-05-12 09:00,29011,Present,
nemex,Polar Invasion,2026-05-12 09:00,27899,Present,
N0ctis,Polar Invasion,2026-05-12 09:00,26813,Present,
Saitama,Polar Invasion,2026-05-12 09:00,20100,Present,
Pdawg,Polar Invasion,2026-05-12 09:00,29009,Present,
GDog,Polar Invasion,2026-05-12 09:00,25033,Present,
Twindad,Polar Invasion,2026-05-12 09:00,23443,Present,
SHafiq,Polar Invasion,2026-05-12 09:00,23341,Present,
Stuart,Polar Invasion,2026-05-12 09:00,22733,Present,
420blessed710,Polar Invasion,2026-05-12 09:00,22318,Present,
pastaga,Polar Invasion,2026-05-12 09:00,21977,Present,
Quanghp,Polar Invasion,2026-05-12 09:00,21385,Present,
HooliGan,Polar Invasion,2026-05-12 09:00,21333,Present,
AYANO,Polar Invasion,2026-05-12 09:00,21025,Present,
N_SAKU,Polar Invasion,2026-05-12 09:00,20376,Present,
suzaku,Polar Invasion,2026-05-12 09:00,20317,Present,
Santei,Polar Invasion,2026-05-12 09:00,19588,Present,
SharpBlade,Polar Invasion,2026-05-12 09:00,19452,Present,
solotank,Polar Invasion,2026-05-12 09:00,18966,Present,
sakura,Polar Invasion,2026-05-12 09:00,18827,Present,
HSIUNシュン0808getu,Polar Invasion,2026-05-12 09:00,18455,Present,
ML_Faker,Polar Invasion,2026-05-12 09:00,17618,Present,
Chun_Min,Polar Invasion,2026-05-12 09:00,17544,Present,
Tay,Polar Invasion,2026-05-12 09:00,17151,Present,
SHAGS,Polar Invasion,2026-05-12 09:00,17003,Present,
TEP,Polar Invasion,2026-05-12 09:00,16702,Present,
warlord,Polar Invasion,2026-05-12 09:00,16645,Present,UNMATCHED
TKO,Polar Invasion,2026-05-12 09:00,15431,Present,
mochi,Polar Invasion,2026-05-12 09:00,13876,Present,
Fred,Polar Invasion,2026-05-12 09:00,13809,Present,
Luna,Polar Invasion,2026-05-12 09:00,13017,Present,
420RudeJoe,Polar Invasion,2026-05-12 09:00,12800,Present,
ArtySmartyPants,Polar Invasion,2026-05-12 09:00,11736,Present,
ヒロキ,Polar Invasion,2026-05-12 09:00,11150,Present,UNMATCHED
Vanhelsing,Polar Invasion,2026-05-12 09:00,10797,Present,
Ahsan,Polar Invasion,2026-05-12 09:00,9941,Present,
Otsutsuki,Polar Invasion,2026-05-12 09:00,9501,Present,
KOOL,Polar Invasion,2026-05-12 09:00,9478,Present,
ca,Polar Invasion,2026-05-12 09:00,9224,Present,
KillerDave,Polar Invasion,2026-05-12 09:00,7091,Present,
"dongdong동동,",Polar Invasion,2026-05-12 09:00,6149,Present,
EnthusiasmCURBED,Polar Invasion,2026-05-12 09:00,1705,Present,
Kay,Polar Invasion,2026-05-12 09:00,1544,Present,
Steven,Polar Invasion,2026-05-12 09:00,1406,Present,
Corona,Polar Invasion,2026-05-12 09:00,647,Present,
Samsoon,Elite War,2026-05-11 09:00,10314372,Present,
SUN,Elite War,2026-05-11 09:00,3258761,Present,UNMATCHED
Hei,Elite War,2026-05-11 09:00,2437734,Present,
Stuart,Elite War,2026-05-11 09:00,2103001,Present,
Dwh,Elite War,2026-05-11 09:00,2025563,Present,UNMATCHED
TheLittleRASKALS,Elite War,2026-05-11 09:00,1947873,Present,
DesTr0y,Elite War,2026-05-11 09:00,1935238,Present,
warlord,Elite War,2026-05-11 09:00,1860733,Present,UNMATCHED
Beni,Elite War,2026-05-11 09:00,1786204,Present,
ML_Faker,Elite War,2026-05-11 09:00,1719186,Present,
Alisa,Elite War,2026-05-11 09:00,1688232,Present,
SHAGS,Elite War,2026-05-11 09:00,1670883,Present,
Alex_venom,Elite War,2026-05-11 09:00,1588934,Present,UNMATCHED
SharpBlade,Elite War,2026-05-11 09:00,1584655,Present,
Santei,Elite War,2026-05-11 09:00,1416863,Present,
Mesrine_91_,Elite War,2026-05-11 09:00,1402057,Present,
₦ɆCⱤØ,Elite War,2026-05-11 09:00,1265755,Present,UNMATCHED
ۣۜT๖ۣۜE๖ۣۜP,Elite War,2026-05-11 09:00,1249770,Present,UNMATCHED
Denya,Elite War,2026-05-11 09:00,1249429,Present,UNMATCHED
sakura,Elite War,2026-05-11 09:00,1127895,Present,
GDog,Elite War,2026-05-11 09:00,1114935,Present,
_Tex_,Elite War,2026-05-11 09:00,1043422,Present,
KOOL,Elite War,2026-05-11 09:00,1015974,Present,
Saitama,Elite War,2026-05-11 09:00,990574,Present,
Simbircit,Elite War,2026-05-11 09:00,990391,Present,
Tosu,Elite War,2026-05-11 09:00,941155,Present,UNMATCHED
Ahsan,Elite War,2026-05-11 09:00,940056,Present,
lion,Elite War,2026-05-11 09:00,925373,Present,
Fred,Elite War,2026-05-11 09:00,859612,Present,
Titiboss,Elite War,2026-05-11 09:00,845341,Present,
示踪剂,Elite War,2026-05-11 09:00,789365,Present,UNMATCHED
solotank,Elite War,2026-05-11 09:00,716983,Present,
Patrioten,Elite War,2026-05-11 09:00,690207,Present,
HSIUNシュン0808getu,Elite War,2026-05-11 09:00,684103,Present,
SHafiq,Elite War,2026-05-11 09:00,588843,Present,
COLITAS,Elite War,2026-05-11 09:00,566731,Present,
GEO,Elite War,2026-05-11 09:00,543521,Present,
ArtySmartyPants,Elite War,2026-05-11 09:00,527974,Present,
AYANO,Elite War,2026-05-11 09:00,494888,Present,
"dongdong동동,",Elite War,2026-05-11 09:00,471200,Present,
ᦏHuskyᦑ동동,Elite War,2026-05-11 09:00,423298,Present,
SHADOW,Elite War,2026-05-11 09:00,370873,Present,UNMATCHED
420blessed710,Elite War,2026-05-11 09:00,290201,Present,
Quanghp,Elite War,2026-05-11 09:00,187256,Present,
morizou57577,Elite War,2026-05-11 09:00,0,Present,
nemex,Elite War,2026-05-11 09:00,0,Present,
Gallo_style,Elite War,2026-05-11 09:00,0,Present,
pastaga,Elite War,2026-05-11 09:00,0,Present,
CaptainInsano,Elite War,2026-05-11 09:00,0,Present,
_SerGio.S_,Elite War,2026-05-11 09:00,0,Present,
_tufuuu,Elite War,2026-05-11 09:00,0,Present,UNMATCHED
Kay,Elite War,2026-05-11 09:00,0,Present,
Lord_PoundTown,Elite War,2026-05-11 09:00,0,Present,
TKO,Elite War,2026-05-11 09:00,0,Present,
Luna,Elite War,2026-05-11 09:00,0,Present,
Tay,Elite War,2026-05-11 09:00,0,Present,
HooliGan,Elite War,2026-05-11 09:00,0,Present,
@Ibrahim,Elite War,2026-05-11 09:00,0,Present,
ChengisKhan,Elite War,2026-05-11 09:00,0,Present,
Boy,Elite War,2026-05-11 09:00,0,Present,
Prison◇Mikem,Elite War,2026-05-11 09:00,0,Present,
KillerDave,Elite War,2026-05-11 09:00,0,Present,OCR_WARN: points malformed ('')
Samsoon,lronblood Battlefield,2026-05-14 00:00,292336093,Present,
Beni,lronblood Battlefield,2026-05-14 00:00,123889249,Present,
REXYY,lronblood Battlefield,2026-05-14 00:00,107431287,Present,
420blessed710,lronblood Battlefield,2026-05-14 00:00,95082180,Present,
nemex,lronblood Battlefield,2026-05-14 00:00,90069343,Present,
Chun_Min,lronblood Battlefield,2026-05-14 00:00,88157683,Present,
Santei,lronblood Battlefield,2026-05-14 00:00,51985726,Present,
warlord,lronblood Battlefield,2026-05-14 00:00,50328549,Present,UNMATCHED
Ahsan,lronblood Battlefield,2026-05-14 00:00,42295816,Present,
morizou57577,lronblood Battlefield,2026-05-14 00:00,338566623,Present,
Prison◇Mikem,lronblood Battlefield,2026-05-14 00:00,290239163,Present,
SUN,lronblood Battlefield,2026-05-14 00:00,246626494,Present,UNMATCHED
nemex,lronblood Battlefield,2026-05-14 00:00,223851247,Present,
ArtySmartyPants,lronblood Battlefield,2026-05-14 00:00,138719537,Present,
Tosu,lronblood Battlefield,2026-05-14 00:00,101560035,Present,UNMATCHED
AYANO,lronblood Battlefield,2026-05-14 00:00,81844505,Present,
Quanghp,lronblood Battlefield,2026-05-14 00:00,76670845,Present,
REXYY,lronblood Battlefield,2026-05-14 00:00,63427723,Present,
Santei,lronblood Battlefield,2026-05-14 00:00,60910400,Present,
Chun_Min,lronblood Battlefield,2026-05-14 00:00,56218547,Present,
KOOL,lronblood Battlefield,2026-05-14 00:00,52397248,Present,
N_SAKU,lronblood Battlefield,2026-05-14 00:00,50702689,Present,
solotank,lronblood Battlefield,2026-05-14 00:00,44794652,Present,
ML_Faker,lronblood Battlefield,2026-05-14 00:00,44719102,Present,
Otsutsuki,lronblood Battlefield,2026-05-14 00:00,42507621,Present,
Andi,lronblood Battlefield,2026-05-14 00:00,37965878,Present,
Alisa,lronblood Battlefield,2026-05-14 00:00,36200347,Present,
N0ctis,lronblood Battlefield,2026-05-14 00:00,28966023,Present,
Boy,lronblood Battlefield,2026-05-14 00:00,27403839,Present,
"dongdong동동,",lronblood Battlefield,2026-05-14 00:00,21740181,Present,
Steven,lronblood Battlefield,2026-05-14 00:00,20291265,Present,
HSIUNシュン0808getu,lronblood Battlefield,2026-05-14 00:00,17273026,Present,
COLITAS,lronblood Battlefield,2026-05-14 00:00,16010839,Present,
DesTr0y,lronblood Battlefield,2026-05-14 00:00,190793302,Present,
KillerDave,lronblood Battlefield,2026-05-14 00:00,140314053,Present,
Samsoon,lronblood Battlefield,2026-05-14 00:00,133714805,Present,
Beni,lronblood Battlefield,2026-05-14 00:00,112821112,Present,
Patrioten,lronblood Battlefield,2026-05-14 00:00,103530564,Present,
GDog,lronblood Battlefield,2026-05-14 00:00,96343171,Present,
Hei,lronblood Battlefield,2026-05-14 00:00,87401310,Present,
SHafiq,lronblood Battlefield,2026-05-14 00:00,65558674,Present,
lion,lronblood Battlefield,2026-05-14 00:00,59044801,Present,
Vanhelsing,lronblood Battlefield,2026-05-14 00:00,56828892,Present,
