#,Member Name,Event Type,Event Date,Battle Score,Attendance,Notes
1,Prison◇Tyke,Void War War,03/22/2026,1385409188,Present,
2,Treppix,Void War War,03/22/2026,162868931,Present,
3,Beni,Void War War,03/22/2026,221936794,Present,
4,Dwh,Void War War,03/22/2026,90752216,Present,
5,nemex,Void War War,03/22/2026,188047062,Present,
6,morizou57577,Void War War,03/22/2026,9125937,Present,
7,Hahi600,Void War War,03/22/2026,52325932,Present,
8,dongdong동동,Void War War,03/22/2026,18103240,Present,
9,Vanhelsing,Void War War,03/22/2026,75110340,Present,
10,ᦏHuskyᦑ,Void War War,03/22/2026,55629534,Present,
11,UltraViolet,Void War War,03/22/2026,74273889,Present,
12,UnderStorm,Void War War,03/22/2026,3671761,Present,
13,Ali_,Void War War,03/22/2026,158415,Present,
14,ML_Faker,Void War War,03/22/2026,22245888,Present,
15,NEMO,Void War War,03/22/2026,43676177,Present,
16,shafiq,Void War War,03/22/2026,317262044,Present,
17,Ironman,Void War War,03/22/2026,54964033,Present,
18,SUN써니,Void War War,03/22/2026,206328990,Present,
19,Samoon,Void War War,03/22/2026,,Absent,
20,Gallo_style,Void War War,03/22/2026,37848685,Present,
21,GDog,Void War War,03/22/2026,34077,Present,
22,solotank,Void War War,03/22/2026,85306849,Present,
23,Yoeshua,Void War War,03/22/2026,96004054,Present,
24,sakura,Void War War,03/22/2026,39762720,Present,
25,N_SAKU,Void War War,03/22/2026,132201120,Present,
26,Prison◇Mike,Void War War,03/22/2026,272648070,Present,
27,SHAGS,Void War War,03/22/2026,71180549,Present,
28,pastaga,Void War War,03/22/2026,,Absent,
29,GEO,Void War War,03/22/2026,18484016,Present,
30,Eagles,Void War War,03/22/2026,,Absent,
31,Titiboss,Void War War,03/22/2026,,Absent,
32,Doraemon,Void War War,03/22/2026,41753800,Present,
33,Andi,Void War War,03/22/2026,37660417,Present,
34,KillerDave,Void War War,03/22/2026,79337425,Present,
35,Fred,Void War War,03/22/2026,4057874,Present,
36,_SerGio.S_,Void War War,03/22/2026,,Absent,
37,DesTrOy,Void War War,03/22/2026,79933858,Present,
38,Fada,Void War War,03/22/2026,54612423,Present,
39,TwinDad,Void War War,03/22/2026,11998564,Present,
40,REXYY,Void War War,03/22/2026,4726324,Present,
41,ArtySmartyPants,Void War War,03/22/2026,54136146,Present,
42,SPIDER,Void War War,03/22/2026,27660911,Present,
43,CaptainInsano,Void War War,03/22/2026,,Absent,
44,420SantiBb420,Void War War,03/22/2026,12214378,Present,
45,Luna,Void War War,03/22/2026,44928,Present,
46,༒۝warlord۝༒,Void War War,03/22/2026,,Absent,
47,tama,Void War War,03/22/2026,18956447,Present,
48,lion,Void War War,03/22/2026,3407300,Present,
49,Eviden16,Void War War,03/22/2026,,Absent,
50,Pdawg,Void War War,03/22/2026,,Absent,
51,_Maxim_,Void War War,03/22/2026,,Absent,
52,Alex_venom,Void War War,03/22/2026,,Absent,
53,Saitama,Void War War,03/22/2026,261422039,Present,
54,G.metralla,Void War War,03/22/2026,,Absent,
55,Jbone,Void War War,03/22/2026,45274,Present,
56,Franklin,Void War War,03/22/2026,58564116,Present,
57,AgentSchwifty,Void War War,03/22/2026,,Absent,
58,TKO,Void War War,03/22/2026,76034553,Present,
59,SPAWN,Void War War,03/22/2026,1587677,Present,
60,Frosttttttt,Void War War,03/22/2026,,Absent,
61,Santei,Void War War,03/22/2026,22740875,Present,
62,Simbircit,Void War War,03/22/2026,6387034,Present,
63,AYANO,Void War War,03/22/2026,,Absent,
64,18.jihad,Void War War,03/22/2026,14467567,Present,
65,Otsutsuki,Void War War,03/22/2026,16841913,Present,
66,Mkhitar,Void War War,03/22/2026,,Absent,
67,RIP,Void War War,03/22/2026,,Absent,
68,Arsenal,Void War War,03/22/2026,,Absent,
69,마쭈,Void War War,03/22/2026,,Absent,
70,NIGHTMARE,Void War War,03/22/2026,,Absent,
71,Atlantis,Void War War,03/22/2026,,Absent,
72,Potrat_vse,Void War War,03/22/2026,,Absent,
73,Tay,Void War War,03/22/2026,14327910,Present,
74,COLITAS,Void War War,03/22/2026,2753657,Present,
75,ۣۜT๖ۣۜE๖ۣۜP,Void War War,03/22/2026,,Absent,
76,STONE,Void War War,03/22/2026,,Absent,
77,_Ali_,Void War War,03/22/2026,46991848,Present,
78,tamo,Void War War,03/22/2026,,Absent,
79,Boy,Void War War,03/22/2026,20260686,Present,
80,Alisa,Void War War,03/22/2026,45007463,Present,
81,Paco30,Void War War,03/22/2026,10943251,Present,
82,Steven,Void War War,03/22/2026,13982868,Present,
83,HooliGan,Void War War,03/22/2026,,Absent,
84,UI,Void War War,03/22/2026,,Absent,
85,suzaku,Void War War,03/22/2026,1587946,Present,
86,Vanilla_바닐라,Void War War,03/22/2026,,Absent,
87,SharpBlade,Void War War,03/22/2026,58629534,Present,
88,とす︎Tosu,Void War War,03/22/2026,95174619,Present,
89,cx8,Void War War,03/22/2026,,Absent,
90,Jollibee,Void War War,03/22/2026,2055600,Present,
91,MINH@DUC,Void War War,03/22/2026,32091475,Present,
92,Corona,Void War War,03/22/2026,,Absent,
93,キーカー_tufuuu,Void War War,03/22/2026,105221385,Present,
94,chti59,Void War War,03/22/2026,33822206,Present,
95,KOOL,Void War War,03/22/2026,21704800,Present,
96,FOCUS!,Void War War,03/22/2026,29166206,Present,
97,ccchhii,Void War War,03/22/2026,,Absent,
98,Jouanos,Void War War,03/22/2026,855443,Present,
99,EnthusiasmCURBED,Void War War,03/22/2026,29785946,Present,
100,鹿さんSIKA,Void War War,03/22/2026,24443826,Present,
101,Prison◇Tyke,Wasteland Showdown,03/20/2026,56720,Present,
102,Treppix,Wasteland Showdown,03/20/2026,18227,Present,
103,Beni,Wasteland Showdown,03/20/2026,36674,Present,
104,Dwh,Wasteland Showdown,03/20/2026,53692,Present,
105,nemex,Wasteland Showdown,03/20/2026,34310,Present,
106,morizou57577,Wasteland Showdown,03/20/2026,106545,Present,
107,Hahi600,Wasteland Showdown,03/20/2026,22266,Present,
108,dongdong동동,Wasteland Showdown,03/20/2026,31177,Present,
109,Vanhelsing,Wasteland Showdown,03/20/2026,1789,Present,
110,ᦏHuskyᦑ,Wasteland Showdown,03/20/2026,3044,Present,
111,UltraViolet,Wasteland Showdown,03/20/2026,40139,Present,
112,UnderStorm,Wasteland Showdown,03/20/2026,24245,Present,
113,Ali_,Wasteland Showdown,03/20/2026,,Absent,
114,ML_Faker,Wasteland Showdown,03/20/2026,20523,Present,
115,NEMO,Wasteland Showdown,03/20/2026,14090,Present,
116,shafiq,Wasteland Showdown,03/20/2026,21878,Present,
117,Ironman,Wasteland Showdown,03/20/2026,25877,Present,
118,SUN써니,Wasteland Showdown,03/20/2026,40487,Present,
119,Samoon,Wasteland Showdown,03/20/2026,,Absent,
120,Gallo_style,Wasteland Showdown,03/20/2026,13658,Present,
121,GDog,Wasteland Showdown,03/20/2026,16873,Present,
122,solotank,Wasteland Showdown,03/20/2026,14003,Present,
123,Yoeshua,Wasteland Showdown,03/20/2026,,Present,
124,sakura,Wasteland Showdown,03/20/2026,4095,Present,
125,N_SAKU,Wasteland Showdown,03/20/2026,15905,Present,
126,Prison◇Mike,Wasteland Showdown,03/20/2026,,Absent,
127,SHAGS,Wasteland Showdown,03/20/2026,25171,Present,
128,pastaga,Wasteland Showdown,03/20/2026,19028,Present,
129,GEO,Wasteland Showdown,03/20/2026,17724,Present,
130,Eagles,Wasteland Showdown,03/20/2026,,Absent,
131,Titiboss,Wasteland Showdown,03/20/2026,23966,Present,
132,Doraemon,Wasteland Showdown,03/20/2026,2761,Present,
133,Andi,Wasteland Showdown,03/20/2026,,Absent,
134,KillerDave,Wasteland Showdown,03/20/2026,39390,Present,
135,Fred,Wasteland Showdown,03/20/2026,15836,Present,
136,_SerGio.S_,Wasteland Showdown,03/20/2026,30178,Present,
137,DesTrOy,Wasteland Showdown,03/20/2026,29543,Present,
138,Fada,Wasteland Showdown,03/20/2026,17706,Present,
139,TwinDad,Wasteland Showdown,03/20/2026,19959,Present,
140,REXYY,Wasteland Showdown,03/20/2026,18501,Present,
141,ArtySmartyPants,Wasteland Showdown,03/20/2026,26789,Present,
142,SPIDER,Wasteland Showdown,03/20/2026,,Absent,
143,CaptainInsano,Wasteland Showdown,03/20/2026,,Absent,
144,420SantiBb420,Wasteland Showdown,03/20/2026,13403,Present,
145,Luna,Wasteland Showdown,03/20/2026,24215,Present,
146,༒۝warlord۝༒,Wasteland Showdown,03/20/2026,,Absent,
147,tama,Wasteland Showdown,03/20/2026,31003,Present,
148,lion,Wasteland Showdown,03/20/2026,15884,Present,
149,Eviden16,Wasteland Showdown,03/20/2026,,Absent,
150,Pdawg,Wasteland Showdown,03/20/2026,,Absent,
151,_Maxim_,Wasteland Showdown,03/20/2026,16229,Present,
152,Alex_venom,Wasteland Showdown,03/20/2026,13384,Present,
153,Saitama,Wasteland Showdown,03/20/2026,,Absent,
154,G.metralla,Wasteland Showdown,03/20/2026,,Absent,
155,Jbone,Wasteland Showdown,03/20/2026,,Absent,
156,Franklin,Wasteland Showdown,03/20/2026,11018,Present,
157,AgentSchwifty,Wasteland Showdown,03/20/2026,,Absent,
158,TKO,Wasteland Showdown,03/20/2026,,Absent,
159,SPAWN,Wasteland Showdown,03/20/2026,2666,Present,
160,Frosttttttt,Wasteland Showdown,03/20/2026,,Absent,
161,Santei,Wasteland Showdown,03/20/2026,24720,Present,
162,Simbircit,Wasteland Showdown,03/20/2026,13420,Present,
163,AYANO,Wasteland Showdown,03/20/2026,16437,Present,
164,18.jihad,Wasteland Showdown,03/20/2026,14909,Present,
165,Otsutsuki,Wasteland Showdown,03/20/2026,15684,Present,
166,Mkhitar,Wasteland Showdown,03/20/2026,24750,Present,
167,RIP,Wasteland Showdown,03/20/2026,,Absent,
168,Arsenal,Wasteland Showdown,03/20/2026,,Absent,
169,마쭈,Wasteland Showdown,03/20/2026,6622,Present,
170,NIGHTMARE,Wasteland Showdown,03/20/2026,,Absent,
171,Atlantis,Wasteland Showdown,03/20/2026,,Absent,
172,Potrat_vse,Wasteland Showdown,03/20/2026,,Absent,
173,Tay,Wasteland Showdown,03/20/2026,,Absent,
174,COLITAS,Wasteland Showdown,03/20/2026,,Absent,
175,ۣۜT๖ۣۜE๖ۣۜP,Wasteland Showdown,03/20/2026,19006,Present,
176,STONE,Wasteland Showdown,03/20/2026,,Absent,
177,_Ali_,Wasteland Showdown,03/20/2026,,Absent,
178,tamo,Wasteland Showdown,03/20/2026,,Absent,
179,Boy,Wasteland Showdown,03/20/2026,14231,Present,
180,Alisa,Wasteland Showdown,03/20/2026,24968,Present,
181,Paco30,Wasteland Showdown,03/20/2026,16366,Present,
182,Steven,Wasteland Showdown,03/20/2026,13478,Present,
183,HooliGan,Wasteland Showdown,03/20/2026,19674,Present,
184,UI,Wasteland Showdown,03/20/2026,15226,Present,
185,suzaku,Wasteland Showdown,03/20/2026,15613,Present,
186,Vanilla_바닐라,Wasteland Showdown,03/20/2026,,Absent,
187,SharpBlade,Wasteland Showdown,03/20/2026,3403,Present,
188,とす︎Tosu,Wasteland Showdown,03/20/2026,29249,Present,
189,cx8,Wasteland Showdown,03/20/2026,,Absent,
190,Jollibee,Wasteland Showdown,03/20/2026,17518,Present,
191,MINH@DUC,Wasteland Showdown,03/20/2026,7151,Present,
192,Corona,Wasteland Showdown,03/20/2026,293,Present,
193,キーカー_tufuuu,Wasteland Showdown,03/20/2026,24365,Present,
194,chti59,Wasteland Showdown,03/20/2026,2475,Present,
195,KOOL,Wasteland Showdown,03/20/2026,20191,Present,
196,FOCUS!,Wasteland Showdown,03/20/2026,13151,Present,
197,ccchhii,Wasteland Showdown,03/20/2026,8912,Present,
198,Jouanos,Wasteland Showdown,03/20/2026,,Absent,
199,EnthusiasmCURBED,Wasteland Showdown,03/20/2026,0,Present,
200,鹿さんSIKA,Wasteland Showdown,03/20/2026,0,Present,
201,_Ali_,Elite War,03/23/2026,,Absent,
202,_Maxim_,Elite War,03/23/2026,,Absent,
203,_SerGio.S_,Elite War,03/23/2026,0,Present,
204,キーカー_tufuuu,Elite War,03/23/2026,,Absent,
205,DesTrOy,Elite War,03/23/2026,,Absent,
206,18.jihad,Elite War,03/23/2026,0,Present,
207,420SantiBb420,Elite War,03/23/2026,,Absent,
208,AgentSchwifty,Elite War,03/23/2026,,Absent,
209,Doraemon,Elite War,03/23/2026,,Absent,
210,Alex_venom,Elite War,03/23/2026,0,Present,
211,Alisa,Elite War,03/23/2026,424593,Present,
212,Andi,Elite War,03/23/2026,,Absent,
213,Arsenal,Elite War,03/23/2026,,Absent,
214,ArtySmartyPants,Elite War,03/23/2026,0,Present,
215,Atlantis,Elite War,03/23/2026,,Absent,
216,AYANO,Elite War,03/23/2026,0,Present,
217,Beni,Elite War,03/23/2026,2340148,Present,
218,Boy,Elite War,03/23/2026,,Absent,
219,CaptainInsano,Elite War,03/23/2026,,Absent,
220,ccchhii,Elite War,03/23/2026,,Absent,
221,COLITAS,Elite War,03/23/2026,,Absent,
222,Corona,Elite War,03/23/2026,0,Present,
223,cx8,Elite War,03/23/2026,0,Present,
224,chti59,Elite War,03/23/2026,0,Present,
225,Treppix,Elite War,03/23/2026,,Absent,
226,dongdong동동,Elite War,03/23/2026,0,Present,
227,Dwh,Elite War,03/23/2026,2980146,Present,
228,Eagles,Elite War,03/23/2026,,Absent,
229,EnthusiasmCURBED,Elite War,03/23/2026,,Absent,
230,Eviden16,Elite War,03/23/2026,,Absent,
231,FOCUS!,Elite War,03/23/2026,0,Present,
232,Franklin,Elite War,03/23/2026,0,Present,
233,Fred,Elite War,03/23/2026,,Absent,
234,Frosttttttt,Elite War,03/23/2026,0,Present,
235,G.metralla,Elite War,03/23/2026,,Absent,
236,Gallo_style,Elite War,03/23/2026,,Absent,
237,GDog,Elite War,03/23/2026,0,Present,
238,GEO,Elite War,03/23/2026,,Absent,
239,Ali_,Elite War,03/23/2026,459360,Present,
240,Hahi600,Elite War,03/23/2026,801127,Present,
241,HooliGan,Elite War,03/23/2026,92942,Present,
242,ᦏHuskyᦑ,Elite War,03/23/2026,,Absent,
243,Ironman,Elite War,03/23/2026,0,Present,
244,Jbone,Elite War,03/23/2026,,Absent,
245,Jouanos,Elite War,03/23/2026,,Absent,
246,KOOL,Elite War,03/23/2026,447000,Present,
247,lion,Elite War,03/23/2026,,Absent,
248,Luna,Elite War,03/23/2026,0,Present,
249,MINH@DUC,Elite War,03/23/2026,0,Present,
250,Mkhitar,Elite War,03/23/2026,3287640,Present,
251,ML_Faker,Elite War,03/23/2026,0,Present,
252,morizou57577,Elite War,03/23/2026,,Absent,
253,N_SAKU,Elite War,03/23/2026,3287640,Present,
254,nemex,Elite War,03/23/2026,0,Present,
255,NEMO,Elite War,03/23/2026,4647784,Present,
256,NIGHTMARE,Elite War,03/23/2026,,Absent,
257,Otsutsuki,Elite War,03/23/2026,,Absent,
258,Paco30,Elite War,03/23/2026,499700,Present,
259,pastaga,Elite War,03/23/2026,1967282,Present,
260,Pdawg,Elite War,03/23/2026,,Absent,
261,Potrat_vse,Elite War,03/23/2026,,Absent,
262,Prison◇Tyke,Elite War,03/23/2026,,Absent,
263,KillerDave,Elite War,03/23/2026,1347019,Present,
264,REXYY,Elite War,03/23/2026,1870247,Present,
265,RIP,Elite War,03/23/2026,,Absent,
266,Saitama,Elite War,03/23/2026,,Absent,
267,sakura,Elite War,03/23/2026,699426,Present,
268,Santei,Elite War,03/23/2026,0,Present,
269,shafiq,Elite War,03/23/2026,,Absent,
270,SHAGS,Elite War,03/23/2026,0,Present,
271,SharpBlade,Elite War,03/23/2026,,Absent,
272,鹿さんSIKA,Elite War,03/23/2026,,Absent,
273,Simbircit,Elite War,03/23/2026,150146,Present,
274,solotank,Elite War,03/23/2026,0,Present,
275,SPAWN,Elite War,03/23/2026,,Absent,
276,SPIDER,Elite War,03/23/2026,49642,Present,
277,Steven,Elite War,03/23/2026,0,Present,
278,STONE,Elite War,03/23/2026,0,Present,
279,SUN써니,Elite War,03/23/2026,2646430,Present,
280,Prison◇Mike,Elite War,03/23/2026,13220506,Present,
281,suzaku,Elite War,03/23/2026,,Absent,
282,tama,Elite War,03/23/2026,,Absent,
283,tamo,Elite War,03/23/2026,,Absent,
284,Tay,Elite War,03/23/2026,,Absent,
285,Samoon,Elite War,03/23/2026,3085524,Present,
286,ۣۜT๖ۣۜE๖ۣۜP,Elite War,03/23/2026,0,Absent,
287,Titiboss,Elite War,03/23/2026,202305,Present,
288,TKO,Elite War,03/23/2026,,Absent,
289,とす︎Tosu,Elite War,03/23/2026,0,Present,
290,TwinDad,Elite War,03/23/2026,0,Present,
291,UI,Elite War,03/23/2026,0,Present,
292,UltraViolet,Elite War,03/23/2026,,Absent,
293,UnderStorm,Elite War,03/23/2026,2515237,Present,
294,Vanhelsing,Elite War,03/23/2026,,Absent,
295,Vanilla_바닐라,Elite War,03/23/2026,,Absent,
296,༒۝warlord۝༒,Elite War,03/23/2026,,Absent,
297,Yoeshua,Elite War,03/23/2026,,Absent,
298,Fada,Elite War,03/23/2026,,Absent,
299,마쭈,Elite War,03/23/2026,,Absent,
300,Jollibee,Elite War,03/23/2026,153990,Present,
301,_Ali_,Polar Invasion,03/17/2026,,Absent,
302,_Maxim_,Polar Invasion,03/17/2026,,Absent,
303,_SerGio.S_,Polar Invasion,03/17/2026,,Absent,
304,キーカー_tufuuu,Polar Invasion,03/17/2026,,Absent,
305,DesTrOy,Polar Invasion,03/17/2026,,Absent,
306,18.jihad,Polar Invasion,03/17/2026,9908,Present,
307,420SantiBb420,Polar Invasion,03/17/2026,9603,Present,
308,AgentSchwifty,Polar Invasion,03/17/2026,,Absent,
309,Doraemon,Polar Invasion,03/17/2026,,Absent,
310,Alex_venom,Polar Invasion,03/17/2026,15125,Present,
311,Alisa,Polar Invasion,03/17/2026,23228,Present,
312,Andi,Polar Invasion,03/17/2026,,Absent,
313,Arsenal,Polar Invasion,03/17/2026,,Absent,
314,ArtySmartyPants,Polar Invasion,03/17/2026,28373,Present,
315,Atlantis,Polar Invasion,03/17/2026,,Absent,
316,AYANO,Polar Invasion,03/17/2026,22720,Present,
317,Beni,Polar Invasion,03/17/2026,62816,Present,
318,Boy,Polar Invasion,03/17/2026,17164,Present,
319,CaptainInsano,Polar Invasion,03/17/2026,,Absent,
320,ccchhii,Polar Invasion,03/17/2026,7012,Present,
321,COLITAS,Polar Invasion,03/17/2026,,Absent,
322,Corona,Polar Invasion,03/17/2026,5445,Present,
323,cx8,Polar Invasion,03/17/2026,12441,Present,
324,chti59,Polar Invasion,03/17/2026,,Absent,
325,Treppix,Polar Invasion,03/17/2026,4034,Present,
326,dongdong동동,Polar Invasion,03/17/2026,25789,Present,
327,Dwh,Polar Invasion,03/17/2026,66683,Present,
328,Eagles,Polar Invasion,03/17/2026,7409,Present,
329,EnthusiasmCURBED,Polar Invasion,03/17/2026,4147,Present,
330,Eviden16,Polar Invasion,03/17/2026,,Absent,
331,FOCUS!,Polar Invasion,03/17/2026,12183,Present,
332,Franklin,Polar Invasion,03/17/2026,11007,Present,
333,Fred,Polar Invasion,03/17/2026,29203,Present,
334,Frosttttttt,Polar Invasion,03/17/2026,,Absent,
335,G.metralla,Polar Invasion,03/17/2026,,Absent,
336,Gallo_style,Polar Invasion,03/17/2026,21130,Present,
337,GDog,Polar Invasion,03/17/2026,20032,Present,
338,GEO,Polar Invasion,03/17/2026,,Absent,
339,Ali_,Polar Invasion,03/17/2026,,Absent,
340,Hahi600,Polar Invasion,03/17/2026,19801,Present,
341,HooliGan,Polar Invasion,03/17/2026,20020,Present,
342,ᦏHuskyᦑ,Polar Invasion,03/17/2026,10739,Present,
343,Ironman,Polar Invasion,03/17/2026,21554,Present,
344,Jbone,Polar Invasion,03/17/2026,,Absent,
345,Jouanos,Polar Invasion,03/17/2026,,Absent,
346,KOOL,Polar Invasion,03/17/2026,5771,Present,
347,lion,Polar Invasion,03/17/2026,11148,Present,
348,Luna,Polar Invasion,03/17/2026,21940,Present,
349,MINH@DUC,Polar Invasion,03/17/2026,,Absent,
350,Mkhitar,Polar Invasion,03/17/2026,27709,Present,
351,ML_Faker,Polar Invasion,03/17/2026,21867,Present,
352,morizou57577,Polar Invasion,03/17/2026,141000,Present,
353,N_SAKU,Polar Invasion,03/17/2026,34027,Present,
354,nemex,Polar Invasion,03/17/2026,37825,Present,
355,NEMO,Polar Invasion,03/17/2026,78105,Present,
356,NIGHTMARE,Polar Invasion,03/17/2026,,Absent,
357,Otsutsuki,Polar Invasion,03/17/2026,17184,Present,
358,Paco30,Polar Invasion,03/17/2026,14558,Present,
359,pastaga,Polar Invasion,03/17/2026,11040,Present,
360,Pdawg,Polar Invasion,03/17/2026,,Absent,
361,Potrat_vse,Polar Invasion,03/17/2026,9975,Present,
362,Prison◇Tyke,Polar Invasion,03/17/2026,125833,Present,
363,KillerDave,Polar Invasion,03/17/2026,50413,Present,
364,REXYY,Polar Invasion,03/17/2026,28654,Present,
365,RIP,Polar Invasion,03/17/2026,9667,Present,
366,Saitama,Polar Invasion,03/17/2026,23649,Present,
367,sakura,Polar Invasion,03/17/2026,10446,Present,
368,Santei,Polar Invasion,03/17/2026,27518,Present,
369,shafiq,Polar Invasion,03/17/2026,14595,Present,
370,SHAGS,Polar Invasion,03/17/2026,29887,Present,
371,SharpBlade,Polar Invasion,03/17/2026,,Absent,
372,鹿さんSIKA,Polar Invasion,03/17/2026,19788,Present,
373,Simbircit,Polar Invasion,03/17/2026,,Absent,
374,solotank,Polar Invasion,03/17/2026,23804,Present,
375,SPAWN,Polar Invasion,03/17/2026,1679,Present,
376,SPIDER,Polar Invasion,03/17/2026,12208,Present,
377,Steven,Polar Invasion,03/17/2026,12805,Present,
378,STONE,Polar Invasion,03/17/2026,9095,Present,
379,SUN써니,Polar Invasion,03/17/2026,97195,Present,
380,Prison◇Mike,Polar Invasion,03/17/2026,,Absent,
381,suzaku,Polar Invasion,03/17/2026,16859,Present,
382,tama,Polar Invasion,03/17/2026,39851,Present,
383,tamo,Polar Invasion,03/17/2026,,Absent,
384,Tay,Polar Invasion,03/17/2026,54137,Present,
385,Samoon,Polar Invasion,03/17/2026,,Absent,
386,ۣۜT๖ۣۜE๖ۣۜP,Polar Invasion,03/17/2026,,Absent,
387,Titiboss,Polar Invasion,03/17/2026,15114,Present,
388,TKO,Polar Invasion,03/17/2026,,Absent,
389,とす︎Tosu,Polar Invasion,03/17/2026,33802,Present,
390,TwinDad,Polar Invasion,03/17/2026,11060,Present,
391,UI,Polar Invasion,03/17/2026,11123,Present,
392,UltraViolet,Polar Invasion,03/17/2026,,Absent,
393,UnderStorm,Polar Invasion,03/17/2026,44360,Present,
394,Vanhelsing,Polar Invasion,03/17/2026,10748,Present,
395,Vanilla_바닐라,Polar Invasion,03/17/2026,,Absent,
396,༒۝warlord۝༒,Polar Invasion,03/17/2026,,Absent,
397,Yoeshua,Polar Invasion,03/17/2026,132198,Present,
398,Fada,Polar Invasion,03/17/2026,,Absent,
399,마쭈,Polar Invasion,03/17/2026,1918,Present,
400,Jollibee,Polar Invasion,03/17/2026,,Absent,
401,_Ali_,Polar Invasion,03/24/2026,,Absent,
402,_Maxim_,Polar Invasion,03/24/2026,,Absent,
403,_SerGio.S_,Polar Invasion,03/24/2026,29204,Present,
404,キーカー_tufuuu,Polar Invasion,03/24/2026,,Absent,
405,DesTrOy,Polar Invasion,03/24/2026,6887,Present,
406,18.jihad,Polar Invasion,03/24/2026,12379,Present,
407,420SantiBb420,Polar Invasion,03/24/2026,5758,Present,
408,AgentSchwifty,Polar Invasion,03/24/2026,,Absent,
409,Doraemon,Polar Invasion,03/24/2026,,Absent,
410,Alex_venom,Polar Invasion,03/24/2026,,Absent,
411,Alisa,Polar Invasion,03/24/2026,25216,Present,
412,Andi,Polar Invasion,03/24/2026,,Absent,
413,Arsenal,Polar Invasion,03/24/2026,,Absent,
414,ArtySmartyPants,Polar Invasion,03/24/2026,23461,Present,
415,Atlantis,Polar Invasion,03/24/2026,,Absent,
416,AYANO,Polar Invasion,03/24/2026,27179,Present,
417,Beni,Polar Invasion,03/24/2026,41210,Present,
418,Boy,Polar Invasion,03/24/2026,,Absent,
419,CaptainInsano,Polar Invasion,03/24/2026,,Absent,
420,ccchhii,Polar Invasion,03/24/2026,7674,Present,
421,COLITAS,Polar Invasion,03/24/2026,,Absent,
422,Corona,Polar Invasion,03/24/2026,0,Present,
423,cx8,Polar Invasion,03/24/2026,3794,Present,
424,chti59,Polar Invasion,03/24/2026,,Absent,
425,Treppix,Polar Invasion,03/24/2026,9337,Present,
426,dongdong동동,Polar Invasion,03/24/2026,29850,Present,
427,Dwh,Polar Invasion,03/24/2026,49217,Present,
428,Eagles,Polar Invasion,03/24/2026,12090,Present,
429,EnthusiasmCURBED,Polar Invasion,03/24/2026,9057,Present,
430,Eviden16,Polar Invasion,03/24/2026,,Absent,
431,FOCUS!,Polar Invasion,03/24/2026,3529,Present,
432,Franklin,Polar Invasion,03/24/2026,3789,Present,
433,Fred,Polar Invasion,03/24/2026,12070,Present,
434,Frosttttttt,Polar Invasion,03/24/2026,,Absent,
435,G.metralla,Polar Invasion,03/24/2026,,Absent,
436,Gallo_style,Polar Invasion,03/24/2026,961,Present,
437,GDog,Polar Invasion,03/24/2026,10756,Present,
438,GEO,Polar Invasion,03/24/2026,,Absent,
439,Ali_,Polar Invasion,03/24/2026,,Absent,
440,Hahi600,Polar Invasion,03/24/2026,16995,Present,
441,HooliGan,Polar Invasion,03/24/2026,18143,Present,
442,ᦏHuskyᦑ,Polar Invasion,03/24/2026,7106,Present,
443,Ironman,Polar Invasion,03/24/2026,16817,Present,
444,Jbone,Polar Invasion,03/24/2026,,Absent,
445,Jouanos,Polar Invasion,03/24/2026,,Absent,
446,KOOL,Polar Invasion,03/24/2026,7412,Present,
447,lion,Polar Invasion,03/24/2026,11442,Present,
448,Luna,Polar Invasion,03/24/2026,8207,Present,
449,MINH@DUC,Polar Invasion,03/24/2026,4593,Present,
450,Mkhitar,Polar Invasion,03/24/2026,,Absent,
451,ML_Faker,Polar Invasion,03/24/2026,29230,Present,
452,morizou57577,Polar Invasion,03/24/2026,159588,Present,
453,N_SAKU,Polar Invasion,03/24/2026,49213,Present,
454,nemex,Polar Invasion,03/24/2026,24705,Present,
455,NEMO,Polar Invasion,03/24/2026,80693,Present,
456,NIGHTMARE,Polar Invasion,03/24/2026,,Absent,
457,Otsutsuki,Polar Invasion,03/24/2026,9666,Present,
458,Paco30,Polar Invasion,03/24/2026,,Absent,
459,pastaga,Polar Invasion,03/24/2026,,Absent,
460,Pdawg,Polar Invasion,03/24/2026,18873,Present,
461,Potrat_vse,Polar Invasion,03/24/2026,11724,Present,
462,Prison◇Tyke,Polar Invasion,03/24/2026,120679,Present,
463,KillerDave,Polar Invasion,03/24/2026,7000,Present,
464,REXYY,Polar Invasion,03/24/2026,18800,Present,
465,RIP,Polar Invasion,03/24/2026,,Absent,
466,Saitama,Polar Invasion,03/24/2026,28201,Present,
467,sakura,Polar Invasion,03/24/2026,11943,Present,
468,Santei,Polar Invasion,03/24/2026,21618,Present,
469,shafiq,Polar Invasion,03/24/2026,15310,Present,
470,SHAGS,Polar Invasion,03/24/2026,,Absent,
471,SharpBlade,Polar Invasion,03/24/2026,,Absent,
472,鹿さんSIKA,Polar Invasion,03/24/2026,12474,Present,
473,Simbircit,Polar Invasion,03/24/2026,5129,Present,
474,solotank,Polar Invasion,03/24/2026,23461,Present,
475,SPAWN,Polar Invasion,03/24/2026,2981,Present,
476,SPIDER,Polar Invasion,03/24/2026,,Absent,
477,Steven,Polar Invasion,03/24/2026,15160,Present,
478,STONE,Polar Invasion,03/24/2026,1550,Present,
479,SUN써니,Polar Invasion,03/24/2026,103027,Present,
480,Prison◇Mike,Polar Invasion,03/24/2026,153620,Present,
481,suzaku,Polar Invasion,03/24/2026,13260,Present,
482,tama,Polar Invasion,03/24/2026,31748,Present,
483,tamo,Polar Invasion,03/24/2026,,Absent,
484,Tay,Polar Invasion,03/24/2026,,Absent,
485,Samoon,Polar Invasion,03/24/2026,,Absent,
486,ۣۜT๖ۣۜE๖ۣۜP,Polar Invasion,03/24/2026,,Absent,
487,Titiboss,Polar Invasion,03/24/2026,,Absent,
488,TKO,Polar Invasion,03/24/2026,,Absent,
489,とす︎Tosu,Polar Invasion,03/24/2026,21352,Present,
490,TwinDad,Polar Invasion,03/24/2026,11096,Present,
491,UI,Polar Invasion,03/24/2026,9500,Present,
492,UltraViolet,Polar Invasion,03/24/2026,,Absent,
493,UnderStorm,Polar Invasion,03/24/2026,,Absent,
494,Vanhelsing,Polar Invasion,03/24/2026,10773,Present,
495,Vanilla_바닐라,Polar Invasion,03/24/2026,,Absent,
496,༒۝warlord۝༒,Polar Invasion,03/24/2026,7774,Present,
497,Yoeshua,Polar Invasion,03/24/2026,33608,Present,
498,Fada,Polar Invasion,03/24/2026,,Absent,
499,마쭈,Polar Invasion,03/24/2026,4819,Present,
500,Jollibee,Polar Invasion,03/24/2026,8326,Present,
501,_Ali_,Ironblood Battlefield,03/26/2026,24908032,Present,
502,_Maxim_,Ironblood Battlefield,03/26/2026,,Absent,
503,_SerGio.S_,Ironblood Battlefield,03/26/2026,,Absent,
504,キーカー_tufuuu,Ironblood Battlefield,03/26/2026,87927910,Present,
505,DesTrOy,Ironblood Battlefield,03/26/2026,132211335,Present,
506,18.jihad,Ironblood Battlefield,03/26/2026,57595344,Present,
507,420SantiBb420,Ironblood Battlefield,03/26/2026,26843691,Present,
508,AgentSchwifty,Ironblood Battlefield,03/26/2026,,Absent,
509,Doraemon,Ironblood Battlefield,03/26/2026,53202227,Present,
510,Alex_venom,Ironblood Battlefield,03/26/2026,,Absent,
511,Alisa,Ironblood Battlefield,03/26/2026,58582185,Present,
512,Andi,Ironblood Battlefield,03/26/2026,27378765,Present,
513,Arsenal,Ironblood Battlefield,03/26/2026,,Absent,
514,ArtySmartyPants,Ironblood Battlefield,03/26/2026,,Absent,
515,Atlantis,Ironblood Battlefield,03/26/2026,58936199,Present,
516,AYANO,Ironblood Battlefield,03/26/2026,,Absent,
517,Beni,Ironblood Battlefield,03/26/2026,126418895,Present,
518,Boy,Ironblood Battlefield,03/26/2026,26036551,Present,
519,CaptainInsano,Ironblood Battlefield,03/26/2026,,Absent,
520,ccchhii,Ironblood Battlefield,03/26/2026,1207481,Present,
521,COLITAS,Ironblood Battlefield,03/26/2026,35578552,Present,
522,Corona,Ironblood Battlefield,03/26/2026,11087818,Present,
523,cx8,Ironblood Battlefield,03/26/2026,,Absent,
524,chti59,Ironblood Battlefield,03/26/2026,,Absent,
525,Treppix,Ironblood Battlefield,03/26/2026,95066626,Present,
526,dongdong동동,Ironblood Battlefield,03/26/2026,97825266,Present,
527,Dwh,Ironblood Battlefield,03/26/2026,,Absent,
528,Eagles,Ironblood Battlefield,03/26/2026,,Absent,
529,EnthusiasmCURBED,Ironblood Battlefield,03/26/2026,,Absent,
530,Eviden16,Ironblood Battlefield,03/26/2026,,Absent,
531,FOCUS!,Ironblood Battlefield,03/26/2026,,Absent,
532,Franklin,Ironblood Battlefield,03/26/2026,67808086,Present,
533,Fred,Ironblood Battlefield,03/26/2026,69488147,Present,
534,Frosttttttt,Ironblood Battlefield,03/26/2026,,Absent,
535,G.metralla,Ironblood Battlefield,03/26/2026,13537985,Present,
536,Gallo_style,Ironblood Battlefield,03/26/2026,38304894,Present,
537,GDog,Ironblood Battlefield,03/26/2026,81320844,Present,
538,GEO,Ironblood Battlefield,03/26/2026,,Absent,
539,Ali_,Ironblood Battlefield,03/26/2026,,Absent,
540,Hahi600,Ironblood Battlefield,03/26/2026,67102350,Present,
541,HooliGan,Ironblood Battlefield,03/26/2026,77450150,Present,
542,ᦏHuskyᦑ,Ironblood Battlefield,03/26/2026,,Absent,
543,Ironman,Ironblood Battlefield,03/26/2026,,Absent,
544,Jbone,Ironblood Battlefield,03/26/2026,3356844,Present,
545,Jouanos,Ironblood Battlefield,03/26/2026,,Absent,
546,KOOL,Ironblood Battlefield,03/26/2026,36544485,Present,
547,lion,Ironblood Battlefield,03/26/2026,115568687,Present,
548,Luna,Ironblood Battlefield,03/26/2026,31592185,Present,
549,MINH@DUC,Ironblood Battlefield,03/26/2026,23476776,Present,
550,Mkhitar,Ironblood Battlefield,03/26/2026,22282942,Present,
551,ML_Faker,Ironblood Battlefield,03/26/2026,365940,Present,
552,morizou57577,Ironblood Battlefield,03/26/2026,,Absent,
553,N_SAKU,Ironblood Battlefield,03/26/2026,,Absent,
554,nemex,Ironblood Battlefield,03/26/2026,44710232,Present,
555,NEMO,Ironblood Battlefield,03/26/2026,,Absent,
556,NIGHTMARE,Ironblood Battlefield,03/26/2026,,Absent,
557,Otsutsuki,Ironblood Battlefield,03/26/2026,39470518,Present,
558,Paco30,Ironblood Battlefield,03/26/2026,28715288,Present,
559,pastaga,Ironblood Battlefield,03/26/2026,,Absent,
560,Pdawg,Ironblood Battlefield,03/26/2026,,Absent,
561,Potrat_vse,Ironblood Battlefield,03/26/2026,31127922,Present,
562,Prison◇Tyke,Ironblood Battlefield,03/26/2026,,Absent,
563,KillerDave,Ironblood Battlefield,03/26/2026,65714445,Present,
564,REXYY,Ironblood Battlefield,03/26/2026,83398272,Present,
565,RIP,Ironblood Battlefield,03/26/2026,,Absent,
566,Saitama,Ironblood Battlefield,03/26/2026,179657060,Present,
567,sakura,Ironblood Battlefield,03/26/2026,,Absent,
568,Santei,Ironblood Battlefield,03/26/2026,63245905,Present,
569,shafiq,Ironblood Battlefield,03/26/2026,87980424,Present,
570,SHAGS,Ironblood Battlefield,03/26/2026,51224495,Present,
571,SharpBlade,Ironblood Battlefield,03/26/2026,64241602,Present,
572,鹿さんSIKA,Ironblood Battlefield,03/26/2026,11936672,Present,
573,Simbircit,Ironblood Battlefield,03/26/2026,,Absent,
574,solotank,Ironblood Battlefield,03/26/2026,96403827,Present,
575,SPAWN,Ironblood Battlefield,03/26/2026,3389760,Present,
576,SPIDER,Ironblood Battlefield,03/26/2026,,Absent,
577,Steven,Ironblood Battlefield,03/26/2026,67540088,Present,
578,STONE,Ironblood Battlefield,03/26/2026,,Absent,
579,SUN써니,Ironblood Battlefield,03/26/2026,,Absent,
580,Prison◇Mike,Ironblood Battlefield,03/26/2026,,Absent,
581,suzaku,Ironblood Battlefield,03/26/2026,70264515,Present,
582,tama,Ironblood Battlefield,03/26/2026,84560421,Present,
583,tamo,Ironblood Battlefield,03/26/2026,,Absent,
584,Tay,Ironblood Battlefield,03/26/2026,64441280,Present,
585,Samoon,Ironblood Battlefield,03/26/2026,22100051,Present,
586,ۣۜT๖ۣۜE๖ۣۜP,Ironblood Battlefield,03/26/2026,,Absent,
587,Titiboss,Ironblood Battlefield,03/26/2026,,Absent,
588,TKO,Ironblood Battlefield,03/26/2026,36883267,Present,
589,とす︎Tosu,Ironblood Battlefield,03/26/2026,129558566,Present,
590,TwinDad,Ironblood Battlefield,03/26/2026,,Absent,
591,UI,Ironblood Battlefield,03/26/2026,41627122,Present,
592,UltraViolet,Ironblood Battlefield,03/26/2026,,Absent,
593,UnderStorm,Ironblood Battlefield,03/26/2026,,Absent,
594,Vanhelsing,Ironblood Battlefield,03/26/2026,84337380,Present,
595,Vanilla_바닐라,Ironblood Battlefield,03/26/2026,,Absent,
596,༒۝warlord۝༒,Ironblood Battlefield,03/26/2026,58807399,Present,
597,Yoeshua,Ironblood Battlefield,03/26/2026,,Absent,
598,Fada,Ironblood Battlefield,03/26/2026,,Absent,
599,마쭈,Ironblood Battlefield,03/26/2026,,Absent,
600,Jollibee,Ironblood Battlefield,03/26/2026,86560421,Present,
601,_Ali_,Wasteland Showdown,03/27/2026,12450,Present,
602,_Maxim_,Wasteland Showdown,03/27/2026,,Absent,
603,_SerGio.S_,Wasteland Showdown,03/27/2026,26782,Present,
604,キーカー_tufuuu,Wasteland Showdown,03/27/2026,,Absent,
605,DesTrOy,Wasteland Showdown,03/27/2026,21538,Present,
606,18.jihad,Wasteland Showdown,03/27/2026,10382,Present,
607,420SantiBb420,Wasteland Showdown,03/27/2026,,Absent,
608,AgentSchwifty,Wasteland Showdown,03/27/2026,,Absent,
609,Doraemon,Wasteland Showdown,03/27/2026,12550,Present,
610,Alex_venom,Wasteland Showdown,03/27/2026,,Absent,
611,Alisa,Wasteland Showdown,03/27/2026,20502,Present,
612,Andi,Wasteland Showdown,03/27/2026,21252,Present,
613,Arsenal,Wasteland Showdown,03/27/2026,,Absent,
614,ArtySmartyPants,Wasteland Showdown,03/27/2026,25606,Present,
615,Atlantis,Wasteland Showdown,03/27/2026,,Absent,
616,AYANO,Wasteland Showdown,03/27/2026,17125,Present,
617,Beni,Wasteland Showdown,03/27/2026,20390,Present,
618,Boy,Wasteland Showdown,03/27/2026,,Absent,
619,CaptainInsano,Wasteland Showdown,03/27/2026,,Absent,
620,ccchhii,Wasteland Showdown,03/27/2026,9680,Present,
621,COLITAS,Wasteland Showdown,03/27/2026,,Absent,
622,Corona,Wasteland Showdown,03/27/2026,0,Present,
623,cx8,Wasteland Showdown,03/27/2026,12448,Present,
624,chti59,Wasteland Showdown,03/27/2026,,Absent,
625,Treppix,Wasteland Showdown,03/27/2026,,Absent,
626,dongdong동동,Wasteland Showdown,03/27/2026,7771,Present,
627,Dwh,Wasteland Showdown,03/27/2026,46612,Present,
628,Eagles,Wasteland Showdown,03/27/2026,,Absent,
629,EnthusiasmCURBED,Wasteland Showdown,03/27/2026,7028,Present,
630,Eviden16,Wasteland Showdown,03/27/2026,,Absent,
631,FOCUS!,Wasteland Showdown,03/27/2026,8922,Present,
632,Franklin,Wasteland Showdown,03/27/2026,12968,Present,
633,Fred,Wasteland Showdown,03/27/2026,16785,Present,
634,Frosttttttt,Wasteland Showdown,03/27/2026,,Absent,
635,G.metralla,Wasteland Showdown,03/27/2026,3040,Present,
636,Gallo_style,Wasteland Showdown,03/27/2026,2907,Present,
637,GDog,Wasteland Showdown,03/27/2026,6405,Present,
638,GEO,Wasteland Showdown,03/27/2026,16785,Present,
639,Ali_,Wasteland Showdown,03/27/2026,,Absent,
640,Hahi600,Wasteland Showdown,03/27/2026,18256,Present,
641,HooliGan,Wasteland Showdown,03/27/2026,1012,Present,
642,ᦏHuskyᦑ,Wasteland Showdown,03/27/2026,,Absent,
643,Ironman,Wasteland Showdown,03/27/2026,,Absent,
644,Jbone,Wasteland Showdown,03/27/2026,1237,Present,
645,Jouanos,Wasteland Showdown,03/27/2026,,Absent,
646,KOOL,Wasteland Showdown,03/27/2026,10537,Present,
647,lion,Wasteland Showdown,03/27/2026,10084,Present,
648,Luna,Wasteland Showdown,03/27/2026,1396,Present,
649,MINH@DUC,Wasteland Showdown,03/27/2026,,Absent,
650,Mkhitar,Wasteland Showdown,03/27/2026,,Absent,
651,ML_Faker,Wasteland Showdown,03/27/2026,18926,Present,
652,morizou57577,Wasteland Showdown,03/27/2026,92940,Present,
653,N_SAKU,Wasteland Showdown,03/27/2026,25594,Present,
654,nemex,Wasteland Showdown,03/27/2026,28575,Present,
655,NEMO,Wasteland Showdown,03/27/2026,,Absent,
656,NIGHTMARE,Wasteland Showdown,03/27/2026,2719,Present,
657,Otsutsuki,Wasteland Showdown,03/27/2026,19933,Present,
658,Paco30,Wasteland Showdown,03/27/2026,13743,Present,
659,pastaga,Wasteland Showdown,03/27/2026,22374,Present,
660,Pdawg,Wasteland Showdown,03/27/2026,9883,Present,
661,Potrat_vse,Wasteland Showdown,03/27/2026,609,Present,
662,Prison◇Tyke,Wasteland Showdown,03/27/2026,39049,Present,
663,KillerDave,Wasteland Showdown,03/27/2026,,Absent,
664,REXYY,Wasteland Showdown,03/27/2026,18754,Present,
665,RIP,Wasteland Showdown,03/27/2026,,Absent,
666,Saitama,Wasteland Showdown,03/27/2026,,Absent,
667,sakura,Wasteland Showdown,03/27/2026,14764,Present,
668,Santei,Wasteland Showdown,03/27/2026,24580,Present,
669,shafiq,Wasteland Showdown,03/27/2026,25615,Present,
670,SHAGS,Wasteland Showdown,03/27/2026,,Absent,
671,SharpBlade,Wasteland Showdown,03/27/2026,4533,Present,
672,鹿さんSIKA,Wasteland Showdown,03/27/2026,15309,Present,
673,Simbircit,Wasteland Showdown,03/27/2026,8594,Present,
674,solotank,Wasteland Showdown,03/27/2026,18754,Present,
675,SPAWN,Wasteland Showdown,03/27/2026,4188,Present,
676,SPIDER,Wasteland Showdown,03/27/2026,,Absent,
677,Steven,Wasteland Showdown,03/27/2026,15785,Present,
678,STONE,Wasteland Showdown,03/27/2026,,Absent,
679,SUN써니,Wasteland Showdown,03/27/2026,59126,Present,
680,Prison◇Mike,Wasteland Showdown,03/27/2026,,Absent,
681,suzaku,Wasteland Showdown,03/27/2026,11833,Present,
682,tama,Wasteland Showdown,03/27/2026,20031,Present,
683,tamo,Wasteland Showdown,03/27/2026,10684,Present,
684,Tay,Wasteland Showdown,03/27/2026,49718,Present,
685,Samoon,Wasteland Showdown,03/27/2026,,Absent,
686,ۣۜT๖ۣۜE๖ۣۜP,Wasteland Showdown,03/27/2026,14969,Present,
687,Titiboss,Wasteland Showdown,03/27/2026,15804,Present,
688,TKO,Wasteland Showdown,03/27/2026,988,Present,
689,とす︎Tosu,Wasteland Showdown,03/27/2026,13857,Present,
690,TwinDad,Wasteland Showdown,03/27/2026,1208,Present,
691,UI,Wasteland Showdown,03/27/2026,12701,Present,
692,UltraViolet,Wasteland Showdown,03/27/2026,56922,Present,
693,UnderStorm,Wasteland Showdown,03/27/2026,23946,Present,
694,Vanhelsing,Wasteland Showdown,03/27/2026,4111,Present,
695,Vanilla_바닐라,Wasteland Showdown,03/27/2026,,Absent,
696,༒۝warlord۝༒,Wasteland Showdown,03/27/2026,,Absent,
697,Yoeshua,Wasteland Showdown,03/27/2026,,Absent,
698,Fada,Wasteland Showdown,03/27/2026,,Absent,
699,마쭈,Wasteland Showdown,03/27/2026,11270,Present,
700,Jollibee,Wasteland Showdown,03/27/2026,17990,Present,
701,Samoon,Elite War,04/01/2026,29612450,Present,
702,SUN써니,Elite War,04/01/2026,20835162,Present,
703,Prison◇Tyke,Elite War,04/01/2026,16420236,Present,
704,Dwh,Elite War,04/01/2026,12545751,Present,
705,morizou57577,Elite War,04/01/2026,9967220,Present,
706,KillerDave,Elite War,04/01/2026,8597149,Present,
707,Beni,Elite War,04/01/2026,8086179,Present,
708,Luna,Elite War,04/01/2026,7753019,Present,
709,SHAGS,Elite War,04/01/2026,7115576,Present,
710,Fada,Elite War,04/01/2026,6558682,Present,
711,UnderStorm,Elite War,04/01/2026,6522263,Present,
712,UltraViolet,Elite War,04/01/2026,6519199,Present,
713,HooliGan,Elite War,04/01/2026,5511290,Present,
714,Alisa,Elite War,04/01/2026,5061340,Present,
715,とす︎Tosu,Elite War,04/01/2026,5000023,Present,
716,Mkhitar,Elite War,04/01/2026,4917037,Present,
717,_SerGio.S_,Elite War,04/01/2026,4814748,Present,
718,dongdong동동,Elite War,04/01/2026,4628863,Present,
719,ML_Faker,Elite War,04/01/2026,4622335,Present,
720,ۣۜT๖ۣۜE๖ۣۜP,Elite War,04/01/2026,4579538,Present,
721,shafiq,Elite War,04/01/2026,4355300,Present,
722,TwinDad,Elite War,04/01/2026,4233875,Present,
723,Steven,Elite War,04/01/2026,4084391,Present,
724,Titiboss,Elite War,04/01/2026,4043377,Present,
725,RIP,Elite War,04/01/2026,4036041,Present,
726,キーカー_tufuuu,Elite War,04/01/2026,3973140,Present,
727,Santei,Elite War,04/01/2026,3947770,Present,
728,AYANO,Elite War,04/01/2026,3925454,Present,
729,Hahi600,Elite War,04/01/2026,3912144,Present,
730,Treppix,Elite War,04/01/2026,3810464,Present,
731,Arsenal,Elite War,04/01/2026,3633758,Present,
732,REXYY,Elite War,04/01/2026,3427354,Present,
733,Alex_venom,Elite War,04/01/2026,3381434,Present,
734,Boy,Elite War,04/01/2026,3318363,Present,
735,sakura,Elite War,04/01/2026,3043650,Present,
736,TKO,Elite War,04/01/2026,2960067,Present,
737,N_SAKU,Elite War,04/01/2026,2737503,Present,
738,cx8,Elite War,04/01/2026,2531043,Present,
739,Jollibee,Elite War,04/01/2026,2506233,Present,
740,Vanhelsing,Elite War,04/01/2026,2464491,Present,
741,UI,Elite War,04/01/2026,2402539,Present,
742,ArtySmartyPants,Elite War,04/01/2026,2241451,Present,
743,GDog,Elite War,04/01/2026,2228181,Present,
744,CaptainInsano,Elite War,04/01/2026,2175535,Present,
745,마쭈,Elite War,04/01/2026,2107733,Present,
746,ᦏHuskyᦑ,Elite War,04/01/2026,2001166,Present,
747,_Maxim_,Elite War,04/01/2026,1986383,Present,
748,KOOL,Elite War,04/01/2026,1878686,Present,
749,Doraemon,Elite War,04/01/2026,1745744,Present,
750,Tay,Elite War,04/01/2026,1330512,Present,
751,solotank,Elite War,04/01/2026,1194126,Present,
752,༒۝warlord۝༒,Elite War,04/01/2026,1090986,Absent,
753,nemex,Elite War,04/01/2026,943936,Absent,
754,SPIDER,Elite War,04/01/2026,1031382,Present,
755,Gallo_style,Elite War,04/01/2026,886754,Present,
756,Potrat_vse,Elite War,04/01/2026,841074,Present,
757,FOCUS!,Elite War,04/01/2026,827942,Present,
758,Otsutsuki,Elite War,04/01/2026,804285,Present,
759,_Ali_,Elite War,04/01/2026,792501,Present,
760,NEMO,Elite War,04/01/2026,744513,Present,
761,Yoeshua,Elite War,04/01/2026,561431,Present,
762,18.jihad,Elite War,04/01/2026,554407,Present,
763,Corona,Elite War,04/01/2026,528363,Present,
764,MINH@DUC,Elite War,04/01/2026,506985,Present,
765,pastaga,Elite War,04/01/2026,417791,Present,
766,Franklin,Elite War,04/01/2026,24752,Present,
767,suzaku,Elite War,04/01/2026,0,Present,
768,SPAWN,Elite War,04/01/2026,0,Present,
769,Prison◇Mike,Elite War,04/01/2026,0,Absent,
770,SUN써니,Wasteland Showdown,4/3/2026,43870,Present,
771,Dwh,Wasteland Showdown,4/3/2026,37213,Present,
772,morizou57577,Wasteland Showdown,4/3/2026,35542,Present,
773,Prison◇Tyke,Wasteland Showdown,4/3/2026,28887,Present,
774,とす︎Tosu,Wasteland Showdown,4/3/2026,27732,Present,
775,nemex,Wasteland Showdown,4/3/2026,21852,Present,
776,ۣۜT๖ۣۜE๖ۣۜP,Wasteland Showdown,4/3/2026,19062,Present,
777,_SerGio.S_,Wasteland Showdown,4/3/2026,18046,Present,
778,UltraViolet,Wasteland Showdown,4/3/2026,17857,Present,
779,Otsutsuki,Wasteland Showdown,4/3/2026,16871,Present,
780,18.jihad,Wasteland Showdown,4/3/2026,16790,Present,
781,REXYY,Wasteland Showdown,4/3/2026,16383,Present,
782,Alisa,Wasteland Showdown,4/3/2026,15695,Present,
783,Simbircit,Wasteland Showdown,4/3/2026,15213,Present,
784,DesTrOy,Wasteland Showdown,4/3/2026,15171,Present,
785,ML_Faker,Wasteland Showdown,4/3/2026,15066,Present,
786,EnthusiasmCURBED,Wasteland Showdown,4/3/2026,15014,Present,
787,MINH@DUC,Wasteland Showdown,4/3/2026,14902,Present,
788,sakura,Wasteland Showdown,4/3/2026,14309,Present,
789,shafiq,Wasteland Showdown,4/3/2026,14186,Present,
790,鹿さんSIKA,Wasteland Showdown,4/3/2026,13964,Present,
791,GEO,Wasteland Showdown,4/3/2026,12869,Present,
792,Steven,Wasteland Showdown,4/3/2026,12793,Present,
793,Vanhelsing,Wasteland Showdown,4/3/2026,12434,Present,
794,Hahi600,Wasteland Showdown,4/3/2026,11790,Present,
795,lion,Wasteland Showdown,4/3/2026,11592,Present,
796,༒۝warlord۝༒,Wasteland Showdown,4/3/2026,11116,Present,
797,Titiboss,Wasteland Showdown,4/3/2026,10929,Present,
798,Frosttttttt,Wasteland Showdown,4/3/2026,10839,Present,
799,pastaga,Wasteland Showdown,4/3/2026,10758,Present,
800,UnderStorm,Wasteland Showdown,4/3/2026,10684,Present,
801,Jollibee,Wasteland Showdown,4/3/2026,10349,Present,
802,TKO,Wasteland Showdown,4/3/2026,10001,Present,
803,TwinDad,Wasteland Showdown,4/3/2026,9995,Present,
804,N_SAKU,Wasteland Showdown,4/3/2026,9965,Present,
805,마쭈,Wasteland Showdown,4/3/2026,9791,Present,
806,Mkhitar,Wasteland Showdown,4/3/2026,9153,Present,
807,dongdong동동,Wasteland Showdown,4/3/2026,9070,Present,
808,Treppix,Wasteland Showdown,4/3/2026,9020,Present,
809,NEMO,Wasteland Showdown,4/3/2026,8952,Present,
810,ccchhii,Wasteland Showdown,4/3/2026,8848,Present,
811,Beni,Wasteland Showdown,4/3/2026,8630,Present,
812,AYANO,Wasteland Showdown,4/3/2026,8392,Present,
813,SPAWN,Wasteland Showdown,4/3/2026,8083,Present,
814,solotank,Wasteland Showdown,4/3/2026,7857,Present,
815,Santei,Wasteland Showdown,4/3/2026,7624,Present,
816,KillerDave,Wasteland Showdown,4/3/2026,7219,Present,
817,KOOL,Wasteland Showdown,4/3/2026,6951,Present,
818,Fred,Wasteland Showdown,4/3/2026,6836,Present,
819,Samoon,Wasteland Showdown,4/3/2026,6810,Present,
820,Boy,Wasteland Showdown,4/3/2026,6517,Present,
821,SharpBlade,Wasteland Showdown,4/3/2026,6429,Present,
822,Gallo_style,Wasteland Showdown,4/3/2026,6247,Present,
823,GDog,Wasteland Showdown,4/3/2026,6174,Present,
824,CaptainInsano,Wasteland Showdown,4/3/2026,6002,Present,
825,Atlantis,Wasteland Showdown,4/3/2026,5585,Present,
826,Andi,Wasteland Showdown,4/3/2026,4127,Present,
827,HooliGan,Wasteland Showdown,4/3/2026,3644,Present,
828,Tay,Wasteland Showdown,4/3/2026,3000,Present,
829,_Maxim_,Wasteland Showdown,4/3/2026,2251,Present,
830,Doraemon,Wasteland Showdown,4/3/2026,1646,Present,
831,suzaku,Wasteland Showdown,4/3/2026,1460,Present,
832,Pdawg,Wasteland Showdown,4/3/2026,1208,Present,
833,Prison◇Mike,Wasteland Showdown,4/3/2026,0,Absent,
834,Ali_,Wasteland Showdown,4/3/2026,0,Absent,
835,Fada,Wasteland Showdown,4/3/2026,0,Absent,
836,SPIDER,Wasteland Showdown,4/3/2026,0,Absent,
837,Corona,Wasteland Showdown,4/3/2026,0,Absent,
838,Alex_venom,Wasteland Showdown,4/3/2026,0,Absent,
839,Luna,Wasteland Showdown,4/3/2026,0,Absent,
840,DesTrOy,Wasteland Showdown,4/3/2026,0,Absent,
841,ᦏHuskyᦑ,Wasteland Showdown,4/3/2026,0,Absent,
842,SHAGS,Wasteland Showdown,4/3/2026,0,Absent,
843,Yoeshua,Wasteland Showdown,4/3/2026,0,Absent,
844,Ironman,Wasteland Showdown,4/3/2026,0,Absent,
845,ArtySmartyPants,Wasteland Showdown,4/3/2026,0,Absent,
846,Eagles,Wasteland Showdown,4/3/2026,0,Absent,
847,AgentSchwifty,Wasteland Showdown,4/3/2026,0,Absent,
848,Jouanos,Wasteland Showdown,4/3/2026,0,Absent,
849,tamo,Wasteland Showdown,4/3/2026,0,Absent,
850,FOCUS!,Wasteland Showdown,4/3/2026,0,Absent,
851,Jbone,Wasteland Showdown,4/3/2026,0,Absent,
852,COLITAS,Wasteland Showdown,4/3/2026,0,Absent,
853,NIGHTMARE,Wasteland Showdown,4/3/2026,0,Absent,
854,Arsenal,Wasteland Showdown,4/3/2026,0,Absent,
855,RIP,Wasteland Showdown,4/3/2026,0,Absent,
856,_Ali_,Wasteland Showdown,4/3/2026,0,Absent,
857,STONE,Wasteland Showdown,4/3/2026,0,Absent,
858,Vanilla_바닐라,Wasteland Showdown,4/3/2026,0,Absent,
859,cx8,Wasteland Showdown,4/3/2026,0,Absent,
860,Saitama,Wasteland Showdown,4/3/2026,0,Absent,
861,Potrat_vse,Wasteland Showdown,4/3/2026,0,Absent,
862,G.metralla,Wasteland Showdown,4/3/2026,0,Absent,
863,Franklin,Wasteland Showdown,4/3/2026,0,Absent,
864,420SantiBb420,Wasteland Showdown,4/3/2026,0,Absent,
865,キーカー_tufuuu,Wasteland Showdown,4/3/2026,0,Absent,
866,UI,Wasteland Showdown,4/3/2026,0,Absent,
867,Prison◇Mike,Elite War,04/03/2026,30081527,Present,
868,Prison◇Tyke,Elite War,04/03/2026,19667989,Present,
869,SUN써니,Elite War,04/03/2026,13488617,Present,
870,morizou57577,Elite War,04/03/2026,11052381,Present,
871,Ultraviolet,Elite War,04/03/2026,9225627,Present,
872,nemex,Elite War,04/03/2026,8511695,Present,
873,Beni,Elite War,04/03/2026,8254036,Present,
874,Dwh,Elite War,04/03/2026,8140161,Present,
875,N_SAKU,Elite War,04/03/2026,17713474,Present,
876,Alisa,Elite War,04/03/2026,7609985,Present,
877,KillerDave,Elite War,04/03/2026,7575001,Present,
878,DesTrOy,Elite War,04/03/2026,7055466,Present,
879,TwinDad,Elite War,04/03/2026,6890752,Present,
880,༒۝warlord۝༒,Elite War,04/03/2026,6609038,Present,
881,_SerGio.S_,Elite War,04/03/2026,6438482,Present,
882,pastaga,Elite War,04/03/2026,6385149,Present,
883,Vanhelsing,Elite War,04/03/2026,6287103,Present,
884,Andi,Elite War,04/03/2026,6274608,Present,
885,とす︎Tosu,Elite War,04/03/2026,6042899,Present,
886,Boy,Elite War,04/03/2026,6038903,Present,
887,ۣۜT๖ۣۜE๖ۣۜP,Elite War,04/03/2026,6027644,Present,
888,ML_Faker,Elite War,04/03/2026,5979109,Present,
889,キーカー_tufuuu,Elite War,04/03/2026,5577580,Present,
890,Hahi600,Elite War,04/03/2026,5362210,Present,
891,REXYY,Elite War,04/03/2026,5338738,Present,
892,NEMO,Elite War,04/03/2026,5277151,Present,
893,Titiboss,Elite War,04/03/2026,5045314,Present,
894,KOOL,Elite War,04/03/2026,4943284,Present,
895,TKO,Elite War,04/03/2026,4833240,Present,
896,sakura,Elite War,04/03/2026,4786042,Present,
897,Fada,Elite War,04/03/2026,4741554,Present,
898,Fred,Elite War,04/03/2026,4547050,Present,
899,chti59,Elite War,04/03/2026,4378246,Present,
900,Steven,Elite War,04/03/2026,4079916,Present,
901,STONE,Elite War,04/03/2026,3794678,Present,
902,18.jihad,Elite War,04/03/2026,3740076,Present,
903,Frosttttttt,Elite War,04/03/2026,3688945,Present,
904,Santei,Elite War,04/03/2026,3582550,Present,
905,cx8,Elite War,04/03/2026,3545051,Present,
906,suzaku,Elite War,04/03/2026,3453564,Present,
907,AYANO,Elite War,04/03/2026,3395438,Present,
908,鹿さんSIKA,Elite War,04/03/2026,3385795,Present,
909,_Maxim_,Elite War,04/03/2026,3241126,Present,
910,solotank,Elite War,04/03/2026,3017271,Present,
911,Jollibee,Elite War,04/03/2026,2990484,Present,
912,shafiq,Elite War,04/03/2026,2630778,Present,
913,GDog,Elite War,04/03/2026,2568634,Present,
914,Otsutsuki,Elite War,04/03/2026,2502759,Present,
915,Corona,Elite War,04/03/2026,2494687,Present,
916,Franklin,Elite War,04/03/2026,2274623,Present,
917,GEO,Elite War,04/03/2026,2249875,Present,
918,Alex_venom,Elite War,04/03/2026,2211182,Present,
919,Treppix,Elite War,04/03/2026,2128401,Present,
920,SPIDER,Elite War,04/03/2026,2068868,Present,
921,CaptainInsano,Elite War,04/03/2026,1925388,Present,
922,Doraemon,Elite War,04/03/2026,1888375,Present,
923,ccchhii,Elite War,04/03/2026,1691906,Present,
924,Gallo_style,Elite War,04/03/2026,1666011,Present,
925,dongdong동동,Elite War,04/03/2026,1573532,Present,
926,UI,Elite War,04/03/2026,1437006,Present,
927,Jouanos,Elite War,04/03/2026,1378471,Present,
928,Simbircit,Elite War,04/03/2026,1220846,Present,
929,SHAGS,Elite War,04/03/2026,974088,Present,
930,Luna,Elite War,04/03/2026,775991,Present,
931,UnderStorm,Elite War,04/03/2026,0,Absent,
932,Potrat_vse,Elite War,04/03/2026,0,Absent,
933,ᦏHuskyᦑ,Elite War,04/03/2026,0,Absent,
934,Yoeshua,Elite War,04/03/2026,0,Absent,
935,Ironman,Elite War,04/03/2026,0,Absent,
936,Samoon,Elite War,04/03/2026,0,Absent,
938,CaptainInsano,Polar Invasion,04/07/2026,223797,Present,
939,morizou57577,Polar Invasion,04/07/2026,160632,Present,
940,SUN써니,Polar Invasion,04/07/2026,102820,Present,
941,Dwh,Polar Invasion,04/07/2026,84105,Present,
942,UltraViolet,Polar Invasion,04/07/2026,83469,Present,
943,Beni,Polar Invasion,04/07/2026,51276,Present,
944,Saitama,Polar Invasion,04/07/2026,45671,Present,
945,とす︎Tosu,Polar Invasion,04/07/2026,39433,Present,
946,SHAGS,Polar Invasion,04/07/2026,34696,Present,
947,nemex,Polar Invasion,04/07/2026,34369,Present,
948,Jollibee,Polar Invasion,04/07/2026,33056,Present,
949,_SerGio.S_,Polar Invasion,04/07/2026,32824,Present,
950,solotank,Polar Invasion,04/07/2026,29625,Present,
951,Alisa,Polar Invasion,04/07/2026,29540,Present,
952,Santei,Polar Invasion,04/07/2026,27892,Present,
953,tamo,Polar Invasion,04/07/2026,26779,Present,
954,TwinDad,Polar Invasion,04/07/2026,24596,Present,
955,Potrat_vse,Polar Invasion,04/07/2026,24371,Present,
956,pastaga,Polar Invasion,04/07/2026,24218,Present,
957,dongdong동동,Polar Invasion,04/07/2026,23652,Present,
958,ML_Faker,Polar Invasion,04/07/2026,23483,Present,
959,HooliGan,Polar Invasion,04/07/2026,21219,Present,
960,DesTrOy,Polar Invasion,04/07/2026,20894,Present,
961,UnderStorm,Polar Invasion,04/07/2026,20592,Present,
962,sakura,Polar Invasion,04/07/2026,20352,Present,
963,18.jihad,Polar Invasion,04/07/2026,19378,Present,
964,Titiboss,Polar Invasion,04/07/2026,19332,Present,
965,AYANO,Polar Invasion,04/07/2026,18700,Present,
966,Otsutsuki,Polar Invasion,04/07/2026,18320,Present,
967,Treppix,Polar Invasion,04/07/2026,18260,Present,
968,Hahi600,Polar Invasion,04/07/2026,18146,Present,
969,suzaku,Polar Invasion,04/07/2026,17537,Present,
970,Jouanos,Polar Invasion,04/07/2026,17362,Present,
971,༒۝warlord۝༒,Polar Invasion,04/07/2026,16450,Present,
972,420SantiBb420,Polar Invasion,04/07/2026,16401,Present,
973,Vanilla_바닐라,Polar Invasion,04/07/2026,16386,Present,
974,Mkhitar,Polar Invasion,04/07/2026,16330,Present,
975,Vanhelsing,Polar Invasion,04/07/2026,15859,Present,
976,Fred,Polar Invasion,04/07/2026,14402,Present,
977,N_SAKU,Polar Invasion,04/07/2026,13958,Present,
978,Luna,Polar Invasion,04/07/2026,13570,Present,
979,NEMO,Polar Invasion,04/07/2026,13382,Present,
980,shafiq,Polar Invasion,04/07/2026,12312,Present,
981,마쭈,Polar Invasion,04/07/2026,11606,Present,
982,UI,Polar Invasion,04/07/2026,10636,Present,
983,Corona,Polar Invasion,04/07/2026,10291,Present,
984,ccchhii,Polar Invasion,04/07/2026,10237,Present,
985,Franklin,Polar Invasion,04/07/2026,9079,Present,
986,STONE,Polar Invasion,04/07/2026,8773,Present,
987,Steven,Polar Invasion,04/07/2026,8424,Present,
988,ArtySmartyPants,Polar Invasion,04/07/2026,8180,Present,
989,Ironman,Polar Invasion,04/07/2026,7400,Present,
990,RIP,Polar Invasion,04/07/2026,5652,Present,
991,SPAWN,Polar Invasion,04/07/2026,4238,Present,
992,ᦏHuskyᦑ,Polar Invasion,04/07/2026,3818,Present,
993,Doraemon,Polar Invasion,04/07/2026,3614,Present,
994,_Maxim_,Polar Invasion,04/07/2026,0,Absent,
995,Prison◇Tyke,Polar Invasion,04/07/2026,0,Absent,
996,Yoeshua,Polar Invasion,04/07/2026,0,Absent,
997,Prison◇Tyke,Battle Battle Frenzy,04/04/2026,288151084,Present,
998,shafiq,Battle Battle Frenzy,04/04/2026,72634180,Present,
999,morizou57577,Battle Battle Frenzy,04/04/2026,68016703,Present,
1000,Saitama,Battle Battle Frenzy,04/04/2026,55461757,Present,
1001,nemex,Battle Battle Frenzy,04/04/2026,46833598,Present,
1002,キーカー_tufuuu,Battle Battle Frenzy,04/04/2026,42021266,Present,
1003,Prison◇Mike,Battle Battle Frenzy,04/04/2026,37922006,Present,
1004,༒۝warlord۝༒,Battle Battle Frenzy,04/04/2026,34199526,Present,
1005,Boy,Battle Battle Frenzy,04/04/2026,32378815,Present,
1006,Samoon,Battle Battle Frenzy,04/04/2026,30611686,Present,
1007,Treppix,Battle Battle Frenzy,04/04/2026,29591886,Present,
1008,MINH@DUC,Battle Battle Frenzy,04/04/2026,29325424,Present,
1009,NEMO,Battle Battle Frenzy,04/04/2026,27367038,Present,
1010,Andi,Battle Battle Frenzy,04/04/2026,22954258,Present,
1011,Yoeshua,Battle Battle Frenzy,04/04/2026,22422261,Present,
1012,Beni,Battle Battle Frenzy,04/04/2026,22154456,Present,
1013,Hahi600,Battle Battle Frenzy,04/04/2026,19879652,Present,
1014,dongdong동동,Battle Battle Frenzy,04/04/2026,19548210,Present,
1015,UltraViolet,Battle Battle Frenzy,04/04/2026,18772086,Present,
1016,Ironman,Battle Battle Frenzy,04/04/2026,18299767,Present,
1017,DesTrOy,Battle Battle Frenzy,04/04/2026,18227870,Present,
1018,Alisa,Battle Battle Frenzy,04/04/2026,17437828,Present,
1019,SUN써니,Battle Battle Frenzy,04/04/2026,16456373,Present,
1020,ᦏHuskyᦑ,Battle Battle Frenzy,04/04/2026,16320104,Present,
1021,Steven,Battle Battle Frenzy,04/04/2026,15606028,Present,
1022,KillerDave,Battle Battle Frenzy,04/04/2026,15170331,Present,
1023,suzaku,Battle Battle Frenzy,04/04/2026,14280832,Present,
1024,UnderStorm,Battle Battle Frenzy,04/04/2026,13901521,Present,
1025,sakura,Battle Battle Frenzy,04/04/2026,13714613,Present,
1026,SharpBlade,Battle Battle Frenzy,04/04/2026,13704931,Present,
1027,RIP,Battle Battle Frenzy,04/04/2026,13095065,Present,
1028,REXYY,Battle Battle Frenzy,04/04/2026,12315787,Present,
1029,GEO,Battle Battle Frenzy,04/04/2026,11708624,Present,
1030,とす︎Tosu,Battle Battle Frenzy,04/04/2026,11607689,Present,
1031,GDog,Battle Battle Frenzy,04/04/2026,10850836,Present,
1032,ML_Faker,Battle Battle Frenzy,04/04/2026,10845427,Present,
1033,Ali_,Battle Battle Frenzy,04/04/2026,10736718,Present,
1034,solotank,Battle Battle Frenzy,04/04/2026,10629748,Present,
1035,TKO,Battle Battle Frenzy,04/04/2026,10540734,Present,
1036,KOOL,Battle Battle Frenzy,04/04/2026,10399335,Present,
1037,Fada,Battle Battle Frenzy,04/04/2026,9879686,Present,
1038,Doraemon,Battle Battle Frenzy,04/04/2026,9565713,Present,
1039,_SerGio.S_,Battle Battle Frenzy,04/04/2026,9444312,Present,
1040,TwinDad,Battle Battle Frenzy,04/04/2026,9130783,Present,
1041,Otsutsuki,Battle Battle Frenzy,04/04/2026,8398226,Present,
1042,Gallo_style,Battle Battle Frenzy,04/04/2026,8398226,Present,
1043,cx8,Battle Battle Frenzy,04/04/2026,7885357,Present,
1044,SPAWN,Battle Battle Frenzy,04/04/2026,7150259,Present,
1045,HooliGan,Battle Battle Frenzy,04/04/2026,7092501,Present,
1046,420SantiBb420,Battle Battle Frenzy,04/04/2026,6941946,Present,
1047,Corona,Battle Battle Frenzy,04/04/2026,6889397,Present,
1048,18.jihad,Battle Battle Frenzy,04/04/2026,6759020,Present,
1049,Dwh,Battle Battle Frenzy,04/04/2026,6553104,Present,
1050,SHAGS,Battle Battle Frenzy,04/04/2026,6543946,Present,
1051,EnthusiasmCURBED,Battle Battle Frenzy,04/04/2026,5962950,Present,
1052,Tay,Battle Battle Frenzy,04/04/2026,5889194,Present,
1053,Simbircit,Battle Battle Frenzy,04/04/2026,5842320,Present,
1054,pastaga,Battle Battle Frenzy,04/04/2026,5740740,Present,
1055,STONE,Battle Battle Frenzy,04/04/2026,5485170,Present,
1056,ۣۜT๖ۣۜE๖ۣۜP,Battle Battle Frenzy,04/04/2026,5127551,Present,
1057,Franklin,Battle Battle Frenzy,04/04/2026,5047773,Present,
1058,Luna,Battle Battle Frenzy,04/04/2026,4884083,Present,
1059,AYANO,Battle Battle Frenzy,04/04/2026,3965611,Present,
1060,lion,Battle Battle Frenzy,04/04/2026,3804054,Present,
1061,COLITAS,Battle Battle Frenzy,04/04/2026,3775436,Present,
1062,N_SAKU,Battle Battle Frenzy,04/04/2026,3664717,Present,
1063,Vanhelsing,Battle Battle Frenzy,04/04/2026,3500096,Present,
1064,ArtySmartyPants,Battle Battle Frenzy,04/04/2026,2771350,Present,
1065,Jollibee,Battle Battle Frenzy,04/04/2026,2469300,Present,
1066,Alex_venom,Battle Battle Frenzy,04/04/2026,2329478,Present,
1067,FOCUS!,Battle Battle Frenzy,04/04/2026,1988684,Present,
1068,SPIDER,Battle Battle Frenzy,04/04/2026,1941953,Present,
1069,Atlantis,Battle Battle Frenzy,04/04/2026,1775203,Present,
1070,tamo,Battle Battle Frenzy,04/04/2026,1440711,Present,
1071,NIGHTMARE,Battle Battle Frenzy,04/04/2026,499862,Present,
1072,Santei,Battle Battle Frenzy,04/04/2026,235550,Present,
1073,ccchhii,Battle Battle Frenzy,04/04/2026,200512,Present,
1074,Jbone,Battle Battle Frenzy,04/04/2026,26176,Present,
1075,Fred,Battle Battle Frenzy,04/04/2026,0,Absent,
1076,Eagles,Battle Battle Frenzy,04/04/2026,0,Absent,
1077,Titiboss,Battle Battle Frenzy,04/04/2026,0,Absent,
1078,AgentSchwifty,Battle Battle Frenzy,04/04/2026,0,Absent,
1079,Pdawg,Battle Battle Frenzy,04/04/2026,0,Absent,
1080,Jouanos,Battle Battle Frenzy,04/04/2026,0,Absent,
1081,_Maxim_,Battle Battle Frenzy,04/04/2026,0,Absent,
1082,Arsenal,Battle Battle Frenzy,04/04/2026,0,Absent,
1083,Mkhitar,Battle Battle Frenzy,04/04/2026,0,Absent,
1084,CaptainInsano,Battle Battle Frenzy,04/04/2026,0,Absent,
1085,Ali_,Battle Battle Frenzy,04/04/2026,0,Absent,
1086,Vanilla_바닐라,Battle Battle Frenzy,04/04/2026,0,Absent,
1087,Potrat_vse,Battle Battle Frenzy,04/04/2026,0,Absent,
1088,G.metralla,Battle Battle Frenzy,04/04/2026,0,Absent,
1089,Eviden16,Battle Battle Frenzy,04/04/2026,0,Absent,
1090,Frosttttttt,Battle Battle Frenzy,04/04/2026,0,Absent,
1091,마쭈,Battle Battle Frenzy,04/04/2026,0,Absent,
1092,鹿さんSIKA,Battle Battle Frenzy,04/04/2026,0,Absent,
1093,UI,Battle Battle Frenzy,04/04/2026,0,Absent,
1094,DesTrOy,Battle Battle Frenzy,04/04/2026,0,Absent,
1095,Jollibee,Polar Invasion,03/17/2026,,Absent,
1096,Jollibee,Wasteland Showdown,03/20/2026,,Absent,
1097,Jollibee,Void War War,03/22/2026,,Absent,
1098,Jollibee,Elite War,03/23/2026,,Absent,
1099,Prison◇Mike,Elite War,03/23/2026,,Absent,
1100,Jollibee,Polar Invasion,03/24/2026,,Absent,
1101,Jollibee,Ironblood Battlefield,03/26/2026,,Absent,
1102,Jollibee,Wasteland Showdown,03/27/2026,,Absent,
1103,420SantiBb420,Elite War,04/01/2026,,Absent,
1104,AgentSchwifty,Elite War,04/01/2026,,Absent,
1105,Ali_,Elite War,04/01/2026,,Absent,
1106,Andi,Elite War,04/01/2026,,Absent,
1107,Atlantis,Elite War,04/01/2026,,Absent,
1108,COLITAS,Elite War,04/01/2026,,Absent,
1109,DesTrOy,Elite War,04/01/2026,,Absent,
1110,chti59,Elite War,04/01/2026,,Absent,
1111,Doraemon,Elite War,04/01/2026,,Absent,
1112,Eagles,Elite War,04/01/2026,,Absent,
1113,EnthusiasmCURBED,Elite War,04/01/2026,,Absent,
1114,Eviden16,Elite War,04/01/2026,,Absent,
1115,Fred,Elite War,04/01/2026,,Absent,
1116,Frosttttttt,Elite War,04/01/2026,,Absent,
1117,G.metralla,Elite War,04/01/2026,,Absent,
1118,GEO,Elite War,04/01/2026,,Absent,
1119,Ironman,Elite War,04/01/2026,,Absent,
1120,Jbone,Elite War,04/01/2026,,Absent,
1121,Jouanos,Elite War,04/01/2026,,Absent,
1122,MINH@DUC,Elite War,04/01/2026,,Absent,
1123,NIGHTMARE,Elite War,04/01/2026,,Absent,
1124,Pdawg,Elite War,04/01/2026,,Absent,
1125,鹿さんSIKA,Elite War,04/01/2026,,Absent,
1126,STONE,Elite War,04/01/2026,,Absent,
1127,Saitama,Elite War,04/01/2026,,Absent,
1128,SharpBlade,Elite War,04/01/2026,,Absent,
1129,Simbircit,Elite War,04/01/2026,,Absent,
1130,Vanilla_바닐라,Elite War,04/01/2026,,Absent,
1131,ccchhii,Elite War,04/01/2026,,Absent,
1132,lion,Elite War,04/01/2026,,Absent,
1133,tama,Elite War,04/01/2026,,Absent,
1134,tamo,Elite War,04/01/2026,,Absent,
1135,마쭈,Elite War,04/01/2026,,Absent,
1136,420SantiBb420,Elite War,04/03/2026,,Absent,
1137,AgentSchwifty,Elite War,04/03/2026,,Absent,
1138,Ali_,Elite War,04/03/2026,,Absent,
1139,Arsenal,Elite War,04/03/2026,,Absent,
1140,ArtySmartyPants,Elite War,04/03/2026,,Absent,
1141,Atlantis,Elite War,04/03/2026,,Absent,
1142,COLITAS,Elite War,04/03/2026,,Absent,
1143,Eagles,Elite War,04/03/2026,,Absent,
1144,EnthusiasmCURBED,Elite War,04/03/2026,,Absent,
1145,Eviden16,Elite War,04/03/2026,,Absent,
1146,FOCUS!,Elite War,04/03/2026,,Absent,
1147,G.metralla,Elite War,04/03/2026,,Absent,
1148,GDog,Elite War,04/03/2026,,Absent,
1149,HooliGan,Elite War,04/03/2026,,Absent,
1150,Jbone,Elite War,04/03/2026,,Absent,
1151,MINH@DUC,Elite War,04/03/2026,,Absent,
1152,Mkhitar,Elite War,04/03/2026,,Absent,
1153,NIGHTMARE,Elite War,04/03/2026,,Absent,
1154,Pdawg,Elite War,04/03/2026,,Absent,
1155,RIP,Elite War,04/03/2026,,Absent,
1156,SPAWN,Elite War,04/03/2026,,Absent,
1157,Saitama,Elite War,04/03/2026,,Absent,
1158,SharpBlade,Elite War,04/03/2026,,Absent,
1159,Tay,Elite War,04/03/2026,,Absent,
1160,UltraViolet,Elite War,04/03/2026,,Absent,
1161,Vanilla_바닐라,Elite War,04/03/2026,,Absent,
1162,_Ali_,Elite War,04/03/2026,,Absent,
1163,lion,Elite War,04/03/2026,,Absent,
1164,morizou57577,Elite War,04/03/2026,,Absent,
1165,tama,Elite War,04/03/2026,,Absent,
1166,tamo,Elite War,04/03/2026,,Absent,
1167,마쭈,Elite War,04/03/2026,,Absent,
1168,GDog,Battle Battle Frenzy,04/04/2026,,Absent,
1169,MINH@DUC,Battle Battle Frenzy,04/04/2026,,Absent,
1170,Treppix,Battle Battle Frenzy,04/04/2026,,Absent,
1171,Fada,Battle Battle Frenzy,04/04/2026,,Absent,
1172,_Ali_,Battle Battle Frenzy,04/04/2026,,Absent,
1173,tama,Battle Battle Frenzy,04/04/2026,,Absent,
1174,AgentSchwifty,Polar Invasion,04/07/2026,,Absent,
1175,Alex_venom,Polar Invasion,04/07/2026,,Absent,
1176,Ali_,Polar Invasion,04/07/2026,,Absent,
1177,Andi,Polar Invasion,04/07/2026,,Absent,
1178,Arsenal,Polar Invasion,04/07/2026,,Absent,
1179,Atlantis,Polar Invasion,04/07/2026,,Absent,
1180,Boy,Polar Invasion,04/07/2026,,Absent,
1181,COLITAS,Polar Invasion,04/07/2026,,Absent,
1182,DesTrOy,Polar Invasion,04/07/2026,,Absent,
1183,Eagles,Polar Invasion,04/07/2026,,Absent,
1184,EnthusiasmCURBED,Polar Invasion,04/07/2026,,Absent,
1185,Eviden16,Polar Invasion,04/07/2026,,Absent,
1186,FOCUS!,Polar Invasion,04/07/2026,,Absent,
1187,Frosttttttt,Polar Invasion,04/07/2026,,Absent,
1188,G.metralla,Polar Invasion,04/07/2026,,Absent,
1189,GDog,Polar Invasion,04/07/2026,,Absent,
1190,GEO,Polar Invasion,04/07/2026,,Absent,
1191,Gallo_style,Polar Invasion,04/07/2026,,Absent,
1192,Jbone,Polar Invasion,04/07/2026,,Absent,
1193,KOOL,Polar Invasion,04/07/2026,,Absent,
1194,KillerDave,Polar Invasion,04/07/2026,,Absent,
1195,MINH@DUC,Polar Invasion,04/07/2026,,Absent,
1196,NIGHTMARE,Polar Invasion,04/07/2026,,Absent,
1197,Pdawg,Polar Invasion,04/07/2026,,Absent,
1198,Prison◇Mike,Polar Invasion,04/07/2026,,Absent,
1199,REXYY,Polar Invasion,04/07/2026,,Absent,
1200,鹿さんSIKA,Polar Invasion,04/07/2026,,Absent,
1201,SPIDER,Polar Invasion,04/07/2026,,Absent,
1202,Samoon,Polar Invasion,04/07/2026,,Absent,
1203,SharpBlade,Polar Invasion,04/07/2026,,Absent,
1204,Simbircit,Polar Invasion,04/07/2026,,Absent,
1205,ۣۜT๖ۣۜE๖ۣۜP,Polar Invasion,04/07/2026,,Absent,
1206,TKO,Polar Invasion,04/07/2026,,Absent,
1207,Tay,Polar Invasion,04/07/2026,,Absent,
1208,Treppix,Polar Invasion,04/07/2026,,Absent,
1209,Fada,Polar Invasion,04/07/2026,,Absent,
1210,_Ali_,Polar Invasion,04/07/2026,,Absent,
1211,キーカー_tufuuu,Polar Invasion,04/07/2026,,Absent,
1212,cx8,Polar Invasion,04/07/2026,,Absent,
1213,lion,Polar Invasion,04/07/2026,,Absent,
1214,tama,Polar Invasion,04/07/2026,,Absent,
1215,Eviden16,Wasteland Showdown,04/03/2026,,Absent,
1216,GDog,Wasteland Showdown,04/03/2026,,Absent,
1217,KillerDave,Wasteland Showdown,04/03/2026,,Absent,
1218,MINH@DUC,Wasteland Showdown,04/03/2026,,Absent,
1219,tama,Wasteland Showdown,04/03/2026,,Absent,
1220,마쭈,Wasteland Showdown,04/03/2026,,Absent,
1221,morizou57577,Wasteland Showdown,04/10/2026,52857,Present,
1222,Samoon,Wasteland Showdown,04/10/2026,50851,Present,
1223,Dwh,Wasteland Showdown,04/10/2026,43425,Present,
1224,SUN써니,Wasteland Showdown,04/10/2026,41674,Present,
1225,Tay,Wasteland Showdown,04/10/2026,36303,Present,
1226,UltraViolet,Wasteland Showdown,04/10/2026,31019,Present,
1227,NEMO,Wasteland Showdown,04/10/2026,25850,Present,
1228,_SerGio.S_,Wasteland Showdown,04/10/2026,25362,Present,
1229,Prison◇Mike,Wasteland Showdown,04/10/2026,21856,Present,
1230,CaptainInsano,Wasteland Showdown,04/10/2026,20544,Present,
1231,ML_Faker,Wasteland Showdown,04/10/2026,18787,Present,
1232,Jollibee,Wasteland Showdown,04/10/2026,17732,Present,
1233,Alisa,Wasteland Showdown,04/10/2026,17679,Present,
1234,Pdawg,Wasteland Showdown,04/10/2026,17557,Present,
1235,Beni,Wasteland Showdown,04/10/2026,17542,Present,
1236,Titiboss,Wasteland Showdown,04/10/2026,16939,Present,
1237,ۣۜT๖ۣۜE๖ۣۜP,Wasteland Showdown,04/10/2026,16404,Present,
1238,GEO,Wasteland Showdown,04/10/2026,16046,Present,
1239,Ali_,Wasteland Showdown,04/10/2026,15930,Present,
1240,Andi,Wasteland Showdown,04/10/2026,15840,Present,
1241,SHAGS,Wasteland Showdown,04/10/2026,15274,Present,
1242,Otsutsuki,Wasteland Showdown,04/10/2026,14692,Present,
1243,TwinDad,Wasteland Showdown,04/10/2026,14441,Present,
1244,Alex_venom,Wasteland Showdown,04/10/2026,13804,Present,
1245,Santei,Wasteland Showdown,04/10/2026,13264,Present,
1246,とす︎Tosu,Wasteland Showdown,04/10/2026,13264,Present,
1247,Jouanos,Wasteland Showdown,04/10/2026,12670,Present,
1248,ArtySmartyPants,Wasteland Showdown,04/10/2026,12619,Present,
1249,Steven,Wasteland Showdown,04/10/2026,12271,Present,
1250,solotank,Wasteland Showdown,04/10/2026,12204,Present,
1251,Mkhitar,Wasteland Showdown,04/10/2026,12169,Present,
1252,Fred,Wasteland Showdown,04/10/2026,11990,Present,
1253,18.jihad,Wasteland Showdown,04/10/2026,11813,Present,
1254,REXYY,Wasteland Showdown,04/10/2026,11743,Present,
1255,shafiq,Wasteland Showdown,04/10/2026,11591,Present,
1256,Doraemon,Wasteland Showdown,04/10/2026,10874,Present,
1257,N_SAKU,Wasteland Showdown,04/10/2026,10395,Present,
1258,dongdong동동,Wasteland Showdown,04/10/2026,10177,Present,
1259,nemex,Wasteland Showdown,04/10/2026,10109,Present,
1260,KOOL,Wasteland Showdown,04/10/2026,9937,Present,
1261,SPIDER,Wasteland Showdown,04/10/2026,9708,Present,
1262,AYANO,Wasteland Showdown,04/10/2026,9676,Present,
1263,༒۝warlord۝༒,Wasteland Showdown,04/10/2026,9534,Present,
1264,G.metralla,Wasteland Showdown,04/10/2026,9417,Present,
1265,FOCUS!,Wasteland Showdown,04/10/2026,9382,Present,
1266,Arsenal,Wasteland Showdown,04/10/2026,9339,Present,
1267,cx8,Wasteland Showdown,04/10/2026,9205,Present,
1268,sakura,Wasteland Showdown,04/10/2026,9029,Present,
1269,lion,Wasteland Showdown,04/10/2026,8530,Present,
1270,DesTrOy,Wasteland Showdown,04/10/2026,8019,Present,
1271,suzaku,Wasteland Showdown,04/10/2026,6945,Present,
1272,Yoeshua,Wasteland Showdown,04/10/2026,6552,Present,
1273,Treppix,Wasteland Showdown,04/10/2026,6395,Present,
1274,STONE,Wasteland Showdown,04/10/2026,6045,Present,
1275,Fada,Wasteland Showdown,04/10/2026,5970,Present,
1276,TKO,Wasteland Showdown,04/10/2026,5797,Present,
1277,Boy,Wasteland Showdown,04/10/2026,5335,Present,
1278,Luna,Wasteland Showdown,04/10/2026,5050,Present,
1279,RIP,Wasteland Showdown,04/10/2026,4905,Present,
1280,GDog,Wasteland Showdown,04/10/2026,4852,Present,
1281,MINH@DUC,Wasteland Showdown,04/10/2026,4659,Present,
1282,KillerDave,Wasteland Showdown,04/10/2026,4223,Present,
1283,UnderStorm,Wasteland Showdown,04/10/2026,4186,Present,
1284,Corona,Wasteland Showdown,04/10/2026,3838,Present,
1285,COLITAS,Wasteland Showdown,04/10/2026,2858,Present,
1286,Prison◇Tyke,Wasteland Showdown,04/10/2026,2708,Present,
1287,pastaga,Wasteland Showdown,04/10/2026,2669,Present,
1288,Franklin,Wasteland Showdown,04/10/2026,1373,Present,
1289,HooliGan,Wasteland Showdown,04/10/2026,1145,Present,
1290,SharpBlade,Wasteland Showdown,04/10/2026,0,Absent,
1291,_Maxim_,Wasteland Showdown,04/10/2026,0,Absent,
1292,Vanhelsing,Wasteland Showdown,04/10/2026,0,Absent,
1293,ᦏHuskyᦑ,Wasteland Showdown,04/10/2026,0,Absent,
1294,Gallo_style,Wasteland Showdown,04/10/2026,0,Absent,
1295,Saitama,Wasteland Showdown,04/10/2026,0,Absent,
1296,Eagles,Wasteland Showdown,04/10/2026,0,Absent,
1297,AgentSchwifty,Wasteland Showdown,04/10/2026,0,Absent,
1298,tamo,Wasteland Showdown,04/10/2026,0,Absent,
1299,Jbone,Wasteland Showdown,04/10/2026,0,Absent,
1300,Vanilla_바닐라,Wasteland Showdown,04/10/2026,0,Absent,
1301,Atlantis,Wasteland Showdown,04/10/2026,0,Absent,
1302,Potrat_vse,Wasteland Showdown,04/10/2026,0,Absent,
1303,EnthusiasmCURBED,Wasteland Showdown,04/10/2026,0,Absent,
1304,Eviden16,Wasteland Showdown,04/10/2026,0,Absent,
1305,Frosttttttt,Wasteland Showdown,04/10/2026,0,Absent,
1306,마쭈,Wasteland Showdown,04/10/2026,0,Absent,
1307,420SantiBb420,Wasteland Showdown,04/10/2026,0,Absent,
1308,鹿さんSIKA,Wasteland Showdown,04/10/2026,0,Absent,
1309,キーカー_tufuuu,Wasteland Showdown,04/10/2026,0,Absent,
1310,SPAWN,Wasteland Showdown,04/10/2026,0,Absent,
1311,Simbircit,Wasteland Showdown,04/10/2026,0,Absent,
1312,°•°SHADOW°•°,Wasteland Showdown,04/10/2026,0,Absent,
1314,GDog,Wasteland Showdown,04/10/2026,,Absent,
1315,Hahi600,Wasteland Showdown,04/10/2026,,Absent,
1316,Ironman,Wasteland Showdown,04/10/2026,,Absent,
1317,MINH@DUC,Wasteland Showdown,04/10/2026,,Absent,
1318,NIGHTMARE,Wasteland Showdown,04/10/2026,,Absent,
1319,UI,Wasteland Showdown,04/10/2026,,Absent,
1320,Fada,Wasteland Showdown,04/10/2026,,Absent,
1321,_Ali_,Wasteland Showdown,04/10/2026,,Absent,
1322,ccchhii,Wasteland Showdown,04/10/2026,,Absent,
1323,tama,Wasteland Showdown,04/10/2026,,Absent,
1324,Samoon,Elite War,04/12/2026,24001407,Present,
1325,SUN써니,Elite War,04/12/2026,17776937,Present,
1326,Saitama,Elite War,04/12/2026,14710147,Present,
1327,KillerDave,Elite War,04/12/2026,13596313,Present,
1328,Dwh,Elite War,04/12/2026,8433947,Present,
1329,NEMO,Elite War,04/12/2026,7028278,Present,
1330,Beni,Elite War,04/12/2026,6940646,Present,
1331,Treppix,Elite War,04/12/2026,6882415,Present,
1332,nemex,Elite War,04/12/2026,6598154,Present,
1333,SHAGS,Elite War,04/12/2026,5784975,Present,
1334,SPIDER,Elite War,04/12/2026,5688020,Present,
1335,ML_Faker,Elite War,04/12/2026,5684921,Present,
1336,suzaku,Elite War,04/12/2026,5603113,Present,
1337,UltraViolet,Elite War,04/12/2026,5601185,Present,
1338,shafiq,Elite War,04/12/2026,5589321,Present,
1339,Santei,Elite War,04/12/2026,5547254,Present,
1340,Mkhitar,Elite War,04/12/2026,5530841,Present,
1341,ArtySmartyPants,Elite War,04/12/2026,5445595,Present,
1342,ۣۜT๖ۣۜE๖ۣۜP,Elite War,04/12/2026,5382820,Present,
1343,pastaga,Elite War,04/12/2026,5333730,Present,
1344,REXYY,Elite War,04/12/2026,5316969,Present,
1345,Atlantis,Elite War,04/12/2026,5202583,Present,
1346,DesTrOy,Elite War,04/12/2026,5151345,Present,
1347,solotank,Elite War,04/12/2026,5062924,Present,
1348,Fred,Elite War,04/12/2026,5009200,Present,
1349,sakura,Elite War,04/12/2026,4976628,Present,
1350,Tay,Elite War,04/12/2026,4974124,Present,
1351,_SerGio.S_,Elite War,04/12/2026,4913273,Present,
1352,HooliGan,Elite War,04/12/2026,4790742,Present,
1353,morizou57577,Elite War,04/12/2026,4757481,Present,
1354,Andi,Elite War,04/12/2026,4095010,Present,
1355,キーカー_tufuuu,Elite War,04/12/2026,4602600,Present,
1356,Boy,Elite War,04/12/2026,4552218,Present,
1357,Alex_venom,Elite War,04/12/2026,4454284,Present,
1358,ᦏHuskyᦑ,Elite War,04/12/2026,4410558,Present,
1359,Jollibee,Elite War,04/12/2026,4920116,Present,
1360,MINH@DUC,Elite War,04/12/2026,4062235,Present,
1361,G.metralla,Elite War,04/12/2026,3993790,Present,
1362,Titiboss,Elite War,04/12/2026,3988831,Present,
1363,STONE,Elite War,04/12/2026,3944888,Present,
1364,Steven,Elite War,04/12/2026,3935816,Present,
1365,18.Jihad,Elite War,04/12/2026,3804217,Present,
1366,KOOL,Elite War,04/12/2026,3768458,Present,
1367,마쭈,Elite War,04/12/2026,3656564,Present,
1368,Pdawg,Elite War,04/12/2026,3616810,Present,
1369,Simbircit,Elite War,04/12/2026,3490351,Present,
1370,RIP,Elite War,04/12/2026,3461336,Present,
1371,Doraemon,Elite War,04/12/2026,3138359,Present,
1372,Franklin,Elite War,04/12/2026,3110419,Present,
1373,_Maxim_,Elite War,04/12/2026,3108181,Present,
1374,cx8,Elite War,04/12/2026,3036270,Present,
1375,AYANO,Elite War,04/12/2026,2966174,Present,
1376,とす︎Tosu,Elite War,04/12/2026,2885600,Present,
1377,TKO,Elite War,04/12/2026,2870374,Present,
1378,COLITAS,Elite War,04/12/2026,2803412,Present,
1379,Potrat_vse,Elite War,04/12/2026,2684195,Present,
1380,FOCUS!,Elite War,04/12/2026,2544595,Present,
1381,AgentSchwifty,Elite War,04/12/2026,2466977,Present,
1382,UnderStorm,Elite War,04/12/2026,2416127,Present,
1383,Otsutsuki,Elite War,04/12/2026,2397725,Present,
1384,SharpBlade,Elite War,04/12/2026,1782451,Present,
1385,N_SAKU,Elite War,04/12/2026,1664644,Present,
1386,lion,Elite War,04/12/2026,1548362,Present,
1387,Gallo_style,Elite War,04/12/2026,1194934,Present,
1388,Eviden16,Elite War,04/12/2026,734521,Present,
1389,༒۝warlord۝༒,Elite War,04/12/2026,222509,Present,
1390,dongdong동동,Elite War,04/12/2026,181875,Present,
1391,Corona,Elite War,04/12/2026,173368,Present,
1392,°•°SHADOW°•°,Elite War,04/12/2026,152968,Present,
1393,Prison◇Mike,Elite War,04/12/2026,0,Absent,
1394,Vanhelsing,Elite War,04/12/2026,0,Absent,
1395,Prison◇Tyke,Elite War,04/12/2026,0,Absent,
1396,Yoeshua,Elite War,04/12/2026,0,Absent,
1397,Ironman,Elite War,04/12/2026,0,Absent,
1398,GDog,Elite War,04/12/2026,0,Absent,
1399,GEO,Elite War,04/12/2026,0,Absent,
1400,Fada,Elite War,04/12/2026,0,Absent,
1401,TwinDad,Elite War,04/12/2026,0,Absent,
1402,Eagles,Elite War,04/12/2026,0,Absent,
1403,Ali_,Elite War,04/12/2026,0,Absent,
1404,Jouanos,Elite War,04/12/2026,0,Absent,
1405,tamo,Elite War,04/12/2026,0,Absent,
1406,Jbone,Elite War,04/12/2026,0,Absent,
1407,NIGHTMARE,Elite War,04/12/2026,0,Absent,
1408,Arsenal,Elite War,04/12/2026,0,Absent,
1409,CaptainInsano,Elite War,04/12/2026,0,Absent,
1410,Vanilla_바닐라,Elite War,04/12/2026,0,Absent,
1411,ccchhiii千香,Elite War,04/12/2026,0,Absent,
1412,chti59,Elite War,04/12/2026,0,Absent,
1413,EnthusiasmCURBED,Elite War,04/12/2026,0,Absent,
1414,Frosttttttt,Elite War,04/12/2026,0,Absent,
1415,420SantiBb420,Elite War,04/12/2026,0,Absent,
1416,鹿さんSIKA,Elite War,04/12/2026,0,Absent,
1417,SPAWN,Elite War,04/12/2026,0,Absent,
1418,,,,,,
1419,,,,,,
1420,,,,,,
1421,,,,,,
1422,,,,,,
1423,,,,,,
1424,,,,,,
1425,,,,,,
1426,,,,,,
1427,,,,,,
1428,,,,,,
1429,,,,,,
1430,,,,,,
1431,,,,,,
1432,,,,,,
1433,,,,,,
1434,,,,,,
1435,,,,,,
1436,,,,,,
1437,,,,,,
1438,,,,,,
1439,,,,,,
1440,,,,,,
1441,,,,,,
1442,,,,,,
1443,,,,,,
1444,,,,,,
1445,,,,,,
1446,,,,,,
1447,,,,,,
1448,,,,,,
1449,,,,,,
1450,,,,,,
1451,,,,,,
1452,,,,,,
1453,,,,,,
1454,,,,,,
1455,,,,,,
1456,,,,,,
1457,,,,,,
1458,,,,,,
1459,,,,,,
1460,,,,,,
1461,,,,,,
1462,,,,,,
1463,,,,,,
1464,,,,,,
1465,,,,,,
1466,,,,,,
1467,,,,,,
1468,,,,,,
1469,,,,,,
1470,,,,,,
1471,,,,,,
1472,,,,,,
1473,,,,,,
1474,,,,,,
1475,,,,,,
1476,,,,,,
1477,,,,,,
1478,,,,,,
1479,,,,,,
1480,,,,,,
1481,,,,,,
1482,,,,,,
1483,,,,,,
1484,,,,,,
1485,,,,,,
1486,,,,,,
1487,,,,,,
1488,,,,,,
1489,,,,,,
1490,,,,,,
1491,,,,,,
1492,,,,,,
1493,,,,,,
1494,,,,,,
1495,,,,,,
1496,,,,,,
1497,,,,,,
1498,,,,,,
1499,,,,,,
1500,,,,,,
1501,,,,,,
1502,,,,,,
1503,,,,,,
1504,,,,,,
1505,,,,,,
1506,,,,,,
1507,,,,,,
1508,,,,,,
1509,,,,,,
1510,,,,,,
1511,,,,,,
1512,,,,,,
1513,,,,,,
1514,,,,,,
1515,,,,,,
1516,,,,,,
1517,,,,,,
1518,,,,,,
1519,,,,,,
1520,,,,,,
1521,,,,,,
1522,,,,,,
1523,,,,,,
1524,,,,,,
1525,,,,,,
1526,,,,,,
1527,,,,,,
1528,,,,,,
1529,,,,,,
1530,,,,,,
1531,,,,,,
1532,,,,,,
1533,,,,,,
1534,,,,,,
1535,,,,,,
1536,,,,,,
1537,,,,,,
1538,,,,,,
1539,,,,,,
1540,,,,,,
1541,,,,,,
1542,,,,,,
1543,,,,,,
1544,,,,,,
1545,,,,,,
1546,,,,,,
1547,,,,,,
1548,,,,,,
1549,,,,,,
1550,,,,,,
1551,,,,,,
1552,,,,,,
1553,,,,,,
1554,,,,,,
1555,,,,,,
1556,,,,,,
1557,,,,,,
1558,,,,,,
1559,,,,,,
1560,,,,,,
1561,,,,,,
1562,,,,,,
1563,,,,,,
1564,,,,,,
1565,,,,,,
1566,,,,,,
1567,,,,,,
1568,,,,,,
1569,,,,,,
1570,,,,,,
1571,,,,,,
1572,,,,,,
1573,,,,,,
1574,,,,,,
1575,,,,,,
1576,,,,,,
1577,,,,,,
1578,,,,,,
1579,,,,,,
1580,,,,,,
1581,,,,,,
1582,,,,,,
1583,,,,,,
1584,,,,,,
1585,,,,,,
1586,,,,,,
1587,,,,,,
1588,,,,,,
1589,,,,,,
1590,,,,,,
1591,,,,,,
1592,,,,,,
1593,,,,,,
1594,,,,,,
1595,,,,,,
1596,,,,,,
1597,,,,,,
1598,,,,,,
1599,,,,,,
1600,,,,,,
1601,,,,,,
1602,,,,,,
1603,,,,,,
1604,,,,,,
1605,,,,,,
1606,,,,,,
1607,,,,,,
1608,,,,,,
1609,,,,,,
1610,,,,,,
1611,,,,,,
1612,,,,,,
1613,,,,,,
1614,,,,,,
1615,,,,,,
1616,,,,,,
1617,,,,,,
1618,,,,,,
1619,,,,,,
1620,,,,,,
1621,,,,,,
1622,,,,,,
1623,,,,,,
1624,,,,,,
1625,,,,,,
1626,,,,,,
1627,,,,,,
1628,,,,,,
1629,,,,,,
1630,,,,,,
1631,,,,,,
1632,,,,,,
1633,,,,,,
1634,,,,,,
1635,,,,,,
1636,,,,,,
1637,,,,,,
1638,,,,,,
1639,,,,,,
1640,,,,,,
1641,,,,,,
1642,,,,,,
1643,,,,,,
1644,,,,,,
1645,,,,,,
1646,,,,,,
1647,,,,,,
1648,,,,,,
1649,,,,,,
1650,,,,,,
1651,,,,,,
1652,,,,,,
1653,,,,,,
1654,,,,,,
1655,,,,,,
1656,,,,,,
1657,,,,,,
1658,,,,,,
1659,,,,,,
1660,,,,,,
1661,,,,,,
1662,,,,,,
1663,,,,,,
1664,,,,,,
1665,,,,,,
1666,,,,,,
1667,,,,,,
1668,,,,,,
1669,,,,,,
1670,,,,,,
1671,,,,,,
1672,,,,,,
1673,,,,,,
1674,,,,,,
1675,,,,,,
1676,,,,,,
1677,,,,,,
1678,,,,,,
1679,,,,,,
1680,,,,,,
1681,,,,,,
1682,,,,,,
1683,,,,,,
1684,,,,,,
1685,,,,,,
1686,,,,,,
1687,,,,,,
1688,,,,,,
1689,,,,,,
1690,,,,,,
1691,,,,,,
1692,,,,,,
1693,,,,,,
1694,,,,,,
1695,,,,,,
1696,,,,,,
1697,,,,,,
1698,,,,,,
1699,,,,,,
1700,,,,,,
1701,,,,,,
1702,,,,,,
1703,,,,,,
1704,,,,,,
1705,,,,,,
1706,,,,,,
1707,,,,,,
1708,,,,,,
1709,,,,,,
1710,,,,,,
1711,,,,,,
1712,,,,,,
1713,,,,,,
1714,,,,,,
1715,,,,,,
1716,,,,,,
1717,,,,,,
1718,,,,,,
1719,,,,,,
1720,,,,,,
1721,,,,,,
1722,,,,,,
1723,,,,,,
1724,,,,,,
1725,,,,,,
1726,,,,,,
1727,,,,,,
1728,,,,,,
1729,,,,,,
1730,,,,,,
1731,,,,,,
1732,,,,,,
1733,,,,,,
1734,,,,,,
1735,,,,,,
1736,,,,,,
1737,,,,,,
1738,,,,,,
1739,,,,,,
1740,,,,,,
1741,,,,,,
1742,,,,,,
1743,,,,,,
1744,,,,,,
1745,,,,,,
1746,,,,,,
1747,,,,,,
1748,,,,,,
1749,,,,,,
1750,,,,,,
1751,,,,,,
1752,,,,,,
1753,,,,,,
1754,,,,,,
1755,,,,,,
1756,,,,,,
1757,,,,,,
1758,,,,,,
1759,,,,,,
1760,,,,,,
1761,,,,,,
1762,,,,,,
1763,,,,,,
1764,,,,,,
1765,,,,,,
1766,,,,,,
1767,,,,,,
1768,,,,,,
1769,,,,,,
1770,,,,,,
1771,,,,,,
1772,,,,,,
1773,,,,,,
1774,,,,,,
1775,,,,,,
1776,,,,,,
1777,,,,,,
1778,,,,,,
1779,,,,,,
1780,,,,,,
1781,,,,,,
1782,,,,,,
1783,,,,,,
1784,,,,,,
1785,,,,,,
1786,,,,,,
1787,,,,,,
1788,,,,,,
1789,,,,,,
1790,,,,,,
1791,,,,,,
1792,,,,,,
1793,,,,,,
1794,,,,,,
1795,,,,,,
1796,,,,,,
1797,,,,,,
1798,,,,,,
1799,,,,,,
1800,,,,,,
1801,,,,,,
1802,,,,,,
1803,,,,,,
1804,,,,,,
1805,,,,,,
1806,,,,,,
1807,,,,,,
1808,,,,,,
1809,,,,,,
1810,,,,,,
1811,,,,,,
1812,,,,,,
1813,,,,,,
1814,,,,,,
1815,,,,,,
1816,,,,,,
1817,,,,,,
1818,,,,,,
1819,,,,,,
1820,,,,,,
1821,,,,,,
1822,,,,,,
1823,,,,,,
1824,,,,,,
1825,,,,,,
1826,,,,,,
1827,,,,,,
1828,,,,,,
1829,,,,,,
1830,,,,,,
1831,,,,,,
1832,,,,,,
1833,,,,,,
1834,,,,,,
1835,,,,,,
1836,,,,,,
1837,,,,,,
1838,,,,,,
1839,,,,,,
1840,,,,,,
1841,,,,,,
1842,,,,,,
1843,,,,,,
1844,,,,,,
1845,,,,,,
1846,,,,,,
1847,,,,,,
1848,,,,,,
1849,,,,,,
1850,,,,,,
1851,,,,,,
1852,,,,,,
1853,,,,,,
1854,,,,,,
1855,,,,,,
1856,,,,,,
1857,,,,,,
1858,,,,,,
1859,,,,,,
1860,,,,,,
1861,,,,,,
1862,,,,,,
1863,,,,,,
1864,,,,,,
1865,,,,,,
1866,,,,,,
1867,,,,,,
1868,,,,,,
1869,,,,,,
1870,,,,,,
1871,,,,,,
1872,,,,,,
1873,,,,,,
1874,,,,,,
1875,,,,,,
1876,,,,,,
1877,,,,,,
1878,,,,,,
1879,,,,,,
1880,,,,,,
1881,,,,,,
1882,,,,,,
1883,,,,,,
1884,,,,,,
1885,,,,,,
1886,,,,,,
1887,,,,,,
1888,,,,,,
1889,,,,,,
1890,,,,,,
1891,,,,,,
1892,,,,,,
1893,,,,,,
1894,,,,,,
1895,,,,,,
1896,,,,,,
1897,,,,,,
1898,,,,,,
1899,,,,,,
1900,,,,,,
1901,,,,,,
1902,,,,,,
1903,,,,,,
1904,,,,,,
1905,,,,,,
1906,,,,,,
1907,,,,,,
1908,,,,,,
1909,,,,,,
1910,,,,,,
1911,,,,,,
1912,,,,,,
1913,,,,,,
1914,,,,,,
1915,,,,,,
1916,,,,,,
1917,,,,,,
1918,,,,,,
1919,,,,,,
1920,,,,,,
1921,,,,,,
1922,,,,,,
1923,,,,,,
1924,,,,,,
1925,,,,,,
1926,,,,,,
1927,,,,,,
1928,,,,,,
1929,,,,,,
1930,,,,,,
1931,,,,,,
1932,,,,,,
1933,,,,,,
1934,,,,,,
1935,,,,,,
1936,,,,,,
1937,,,,,,
1938,,,,,,
1939,,,,,,
1940,,,,,,
1941,,,,,,
1942,,,,,,
1943,,,,,,
1944,,,,,,
1945,,,,,,
1946,,,,,,
1947,,,,,,
1948,,,,,,
1949,,,,,,
1950,,,,,,
1951,,,,,,
1952,,,,,,
1953,,,,,,
1954,,,,,,
1955,,,,,,
1956,,,,,,
1957,,,,,,
1958,,,,,,
1959,,,,,,
1960,,,,,,
1961,,,,,,
1962,,,,,,
1963,,,,,,
1964,,,,,,
1965,,,,,,
1966,,,,,,
1967,,,,,,
1968,,,,,,
1969,,,,,,
1970,,,,,,
1971,,,,,,
1972,,,,,,
1973,,,,,,
1974,,,,,,
1975,,,,,,
1976,,,,,,
1977,,,,,,
1978,,,,,,
1979,,,,,,
1980,,,,,,
1981,,,,,,
1982,,,,,,
1983,,,,,,
1984,,,,,,
1985,,,,,,
1986,,,,,,
1987,,,,,,
1988,,,,,,
1989,,,,,,
1990,,,,,,
1991,,,,,,
1992,,,,,,
1993,,,,,,
1994,,,,,,
1995,,,,,,
1996,,,,,,
1997,,,,,,
1998,,,,,,
1999,,,,,,
2000,,,,,,
2001,,,,,,
2002,,,,,,
2003,,,,,,
2004,,,,,,
2005,,,,,,
2006,,,,,,
2007,,,,,,
2008,,,,,,
2009,,,,,,
2010,,,,,,
2011,,,,,,
2012,,,,,,
2013,,,,,,
2014,,,,,,
2015,,,,,,
2016,,,,,,
2017,,,,,,
2018,,,,,,
2019,,,,,,
2020,,,,,,
2021,,,,,,
2022,,,,,,
2023,,,,,,
2024,,,,,,
2025,,,,,,
2026,,,,,,
2027,,,,,,
2028,,,,,,
2029,,,,,,
2030,,,,,,
2031,,,,,,
2032,,,,,,
2033,,,,,,
2034,,,,,,
2035,,,,,,
2036,,,,,,
2037,,,,,,
2038,,,,,,
2039,,,,,,
2040,,,,,,
2041,,,,,,
2042,,,,,,
2043,,,,,,
2044,,,,,,
2045,,,,,,
2046,,,,,,
2047,,,,,,
2048,,,,,,
2049,,,,,,
2050,,,,,,
2051,,,,,,
2052,,,,,,
2053,,,,,,
2054,,,,,,
2055,,,,,,
2056,,,,,,
2057,,,,,,
2058,,,,,,
2059,,,,,,
2060,,,,,,
2061,,,,,,
2062,,,,,,
2063,,,,,,
2064,,,,,,
2065,,,,,,
2066,,,,,,
2067,,,,,,
2068,,,,,,
2069,,,,,,
2070,,,,,,
2071,,,,,,
2072,,,,,,
2073,,,,,,
2074,,,,,,
2075,,,,,,
2076,,,,,,
2077,,,,,,
2078,,,,,,
2079,,,,,,
2080,,,,,,
2081,,,,,,
2082,,,,,,
2083,,,,,,
2084,,,,,,
2085,,,,,,
2086,,,,,,
2087,,,,,,
2088,,,,,,
2089,,,,,,
2090,,,,,,
2091,,,,,,
2092,,,,,,
2093,,,,,,
2094,,,,,,
2095,,,,,,
2096,,,,,,
2097,,,,,,
2098,,,,,,
2099,,,,,,
2100,,,,,,
2101,,,,,,
2102,,,,,,
2103,,,,,,
2104,,,,,,
2105,,,,,,
2106,,,,,,
2107,,,,,,
2108,,,,,,
2109,,,,,,
2110,,,,,,
2111,,,,,,
2112,,,,,,
2113,,,,,,
2114,,,,,,
2115,,,,,,
2116,,,,,,
2117,,,,,,
2118,,,,,,
2119,,,,,,
2120,,,,,,
2121,,,,,,
2122,,,,,,
2123,,,,,,
2124,,,,,,
2125,,,,,,
2126,,,,,,
2127,,,,,,
2128,,,,,,
2129,,,,,,
2130,,,,,,
2131,,,,,,
2132,,,,,,
2133,,,,,,
2134,,,,,,
2135,,,,,,
2136,,,,,,
2137,,,,,,
2138,,,,,,
2139,,,,,,
2140,,,,,,
2141,,,,,,
2142,,,,,,
2143,,,,,,
2144,,,,,,
2145,,,,,,
2146,,,,,,
2147,,,,,,
2148,,,,,,
2149,,,,,,
2150,,,,,,
2151,,,,,,
2152,,,,,,
2153,,,,,,
2154,,,,,,
2155,,,,,,
2156,,,,,,
2157,,,,,,
2158,,,,,,
2159,,,,,,
2160,,,,,,
2161,,,,,,
2162,,,,,,
2163,,,,,,
2164,,,,,,
2165,,,,,,
2166,,,,,,
2167,,,,,,
2168,,,,,,
2169,,,,,,
2170,,,,,,
2171,,,,,,
2172,,,,,,
2173,,,,,,
2174,,,,,,
2175,,,,,,
2176,,,,,,
2177,,,,,,
2178,,,,,,
2179,,,,,,
2180,,,,,,
2181,,,,,,
2182,,,,,,
2183,,,,,,
2184,,,,,,
2185,,,,,,
2186,,,,,,
2187,,,,,,
2188,,,,,,
2189,,,,,,
2190,,,,,,
2191,,,,,,
2192,,,,,,
2193,,,,,,
2194,,,,,,
2195,,,,,,
2196,,,,,,
2197,,,,,,
2198,,,,,,
2199,,,,,,
2200,,,,,,
2201,,,,,,
2202,,,,,,
2203,,,,,,
2204,,,,,,
2205,,,,,,
2206,,,,,,
2207,,,,,,
2208,,,,,,
2209,,,,,,
2210,,,,,,
2211,,,,,,
2212,,,,,,
2213,,,,,,
2214,,,,,,
2215,,,,,,
2216,,,,,,
2217,,,,,,
2218,,,,,,
2219,,,,,,
2220,,,,,,
2221,,,,,,
2222,,,,,,
2223,,,,,,
2224,,,,,,
2225,,,,,,
2226,,,,,,
2227,,,,,,
2228,,,,,,
2229,,,,,,
2230,,,,,,
2231,,,,,,
2232,,,,,,
2233,,,,,,
2234,,,,,,
2235,,,,,,
2236,,,,,,
2237,,,,,,
2238,,,,,,
2239,,,,,,
2240,,,,,,
2241,,,,,,
2242,,,,,,
2243,,,,,,
2244,,,,,,
2245,,,,,,
2246,,,,,,
2247,,,,,,
2248,,,,,,
2249,,,,,,
2250,,,,,,
2251,,,,,,
2252,,,,,,
2253,,,,,,
2254,,,,,,
2255,,,,,,
2256,,,,,,
2257,,,,,,
2258,,,,,,
2259,,,,,,
2260,,,,,,
2261,,,,,,
2262,,,,,,
2263,,,,,,
2264,,,,,,
2265,,,,,,
2266,,,,,,
2267,,,,,,
2268,,,,,,
2269,,,,,,
2270,,,,,,
2271,,,,,,
2272,,,,,,
2273,,,,,,
2274,,,,,,
2275,,,,,,
2276,,,,,,
2277,,,,,,
2278,,,,,,
2279,,,,,,
2280,,,,,,
2281,,,,,,
2282,,,,,,
2283,,,,,,
2284,,,,,,
2285,,,,,,
2286,,,,,,
2287,,,,,,
2288,,,,,,
2289,,,,,,
2290,,,,,,
2291,,,,,,
2292,,,,,,
2293,,,,,,
2294,,,,,,
2295,,,,,,
2296,,,,,,
2297,,,,,,
2298,,,,,,
2299,,,,,,
2300,,,,,,
2301,,,,,,
2302,,,,,,
2303,,,,,,
2304,,,,,,
2305,,,,,,
2306,,,,,,
2307,,,,,,
2308,,,,,,
2309,,,,,,
2310,,,,,,
2311,,,,,,
2312,,,,,,
2313,,,,,,
2314,,,,,,
2315,,,,,,
2316,,,,,,
2317,,,,,,
2318,,,,,,
2319,,,,,,
2320,,,,,,
2321,,,,,,
2322,,,,,,
2323,,,,,,
2324,,,,,,
2325,,,,,,
2326,,,,,,
2327,,,,,,
2328,,,,,,
2329,,,,,,
2330,,,,,,
2331,,,,,,
2332,,,,,,
2333,,,,,,
2334,,,,,,
2335,,,,,,
2336,,,,,,
2337,,,,,,
2338,,,,,,
2339,,,,,,
2340,,,,,,
2341,,,,,,
2342,,,,,,
2343,,,,,,
2344,,,,,,
2345,,,,,,
2346,,,,,,
2347,,,,,,
2348,,,,,,
2349,,,,,,
2350,,,,,,
2351,,,,,,
2352,,,,,,
2353,,,,,,
2354,,,,,,
2355,,,,,,
2356,,,,,,
2357,,,,,,
2358,,,,,,
2359,,,,,,
2360,,,,,,
2361,,,,,,
2362,,,,,,
2363,,,,,,
2364,,,,,,
2365,,,,,,
2366,,,,,,
2367,,,,,,
2368,,,,,,
2369,,,,,,
2370,,,,,,
2371,,,,,,
2372,,,,,,
2373,,,,,,
2374,,,,,,
2375,,,,,,
2376,,,,,,
2377,,,,,,
2378,,,,,,
2379,,,,,,
2380,,,,,,
2381,,,,,,
2382,,,,,,
2383,,,,,,
2384,,,,,,
2385,,,,,,
2386,,,,,,
2387,,,,,,
2388,,,,,,
2389,,,,,,
2390,,,,,,
2391,,,,,,
2392,,,,,,
2393,,,,,,
2394,,,,,,
2395,,,,,,
2396,,,,,,
2397,,,,,,
2398,,,,,,
2399,,,,,,
2400,,,,,,
2401,,,,,,
2402,,,,,,
2403,,,,,,
2404,,,,,,
2405,,,,,,
2406,,,,,,
2407,,,,,,
2408,,,,,,
2409,,,,,,
2410,,,,,,
2411,,,,,,
2412,,,,,,
2413,,,,,,
2414,,,,,,
2415,,,,,,
2416,,,,,,
2417,,,,,,
2418,,,,,,
2419,,,,,,
2420,,,,,,
2421,,,,,,
2422,,,,,,
2423,,,,,,
2424,,,,,,
2425,,,,,,
2426,,,,,,
2427,,,,,,
2428,,,,,,
2429,,,,,,
2430,,,,,,
2431,,,,,,
2432,,,,,,
2433,,,,,,
2434,,,,,,
2435,,,,,,
2436,,,,,,
2437,,,,,,
2438,,,,,,
2439,,,,,,
2440,,,,,,
2441,,,,,,
2442,,,,,,
2443,,,,,,
2444,,,,,,
2445,,,,,,
2446,,,,,,
2447,,,,,,
2448,,,,,,
2449,,,,,,
2450,,,,,,
2451,,,,,,
2452,,,,,,
2453,,,,,,
2454,,,,,,
2455,,,,,,
2456,,,,,,
2457,,,,,,
2458,,,,,,
2459,,,,,,
2460,,,,,,
2461,,,,,,
2462,,,,,,
2463,,,,,,
2464,,,,,,
2465,,,,,,
2466,,,,,,
2467,,,,,,
2468,,,,,,
2469,,,,,,
2470,,,,,,
2471,,,,,,
2472,,,,,,
2473,,,,,,
2474,,,,,,
2475,,,,,,
2476,,,,,,
2477,,,,,,
2478,,,,,,
2479,,,,,,
2480,,,,,,
2481,,,,,,
2482,,,,,,
2483,,,,,,
2484,,,,,,
2485,,,,,,
2486,,,,,,
2487,,,,,,
2488,,,,,,
2489,,,,,,
2490,,,,,,
2491,,,,,,
2492,,,,,,
2493,,,,,,
2494,,,,,,
2495,,,,,,
2496,,,,,,
2497,,,,,,
2498,,,,,,
2499,,,,,,
2500,,,,,,
2501,,,,,,
2502,,,,,,
2503,,,,,,
2504,,,,,,
2505,,,,,,
2506,,,,,,
2507,,,,,,
2508,,,,,,
2509,,,,,,
2510,,,,,,
2511,,,,,,
2512,,,,,,
2513,,,,,,
2514,,,,,,
2515,,,,,,
2516,,,,,,
2517,,,,,,
2518,,,,,,
2519,,,,,,
2520,,,,,,
2521,,,,,,
2522,,,,,,
2523,,,,,,
2524,,,,,,
2525,,,,,,
2526,,,,,,
2527,,,,,,
2528,,,,,,
2529,,,,,,
2530,,,,,,
2531,,,,,,
2532,,,,,,
2533,,,,,,
2534,,,,,,
2535,,,,,,
2536,,,,,,
2537,,,,,,
2538,,,,,,
2539,,,,,,
2540,,,,,,
2541,,,,,,
2542,,,,,,
2543,,,,,,
2544,,,,,,
2545,,,,,,
2546,,,,,,
2547,,,,,,
2548,,,,,,
2549,,,,,,
2550,,,,,,
2551,,,,,,
2552,,,,,,
2553,,,,,,
2554,,,,,,
2555,,,,,,
2556,,,,,,
2557,,,,,,
2558,,,,,,
2559,,,,,,
2560,,,,,,
2561,,,,,,
2562,,,,,,
2563,,,,,,
2564,,,,,,
2565,,,,,,
2566,,,,,,
2567,,,,,,
2568,,,,,,
2569,,,,,,
2570,,,,,,
2571,,,,,,
2572,,,,,,
2573,,,,,,
2574,,,,,,
2575,,,,,,
2576,,,,,,
2577,,,,,,
2578,,,,,,
2579,,,,,,
2580,,,,,,
2581,,,,,,
2582,,,,,,
2583,,,,,,
2584,,,,,,
2585,,,,,,
2586,,,,,,
2587,,,,,,
2588,,,,,,
2589,,,,,,
2590,,,,,,
2591,,,,,,
2592,,,,,,
2593,,,,,,
2594,,,,,,
2595,,,,,,
2596,,,,,,
2597,,,,,,
2598,,,,,,
2599,,,,,,
2600,,,,,,
2601,,,,,,
2602,,,,,,
2603,,,,,,
2604,,,,,,
2605,,,,,,
2606,,,,,,
2607,,,,,,
2608,,,,,,
2609,,,,,,
2610,,,,,,
2611,,,,,,
2612,,,,,,
2613,,,,,,
2614,,,,,,
2615,,,,,,
2616,,,,,,
2617,,,,,,
2618,,,,,,
2619,,,,,,
2620,,,,,,
2621,,,,,,
2622,,,,,,
2623,,,,,,
2624,,,,,,
2625,,,,,,
2626,,,,,,
2627,,,,,,
2628,,,,,,
2629,,,,,,
2630,,,,,,
2631,,,,,,
2632,,,,,,
2633,,,,,,
2634,,,,,,
2635,,,,,,
2636,,,,,,
2637,,,,,,
2638,,,,,,
2639,,,,,,
2640,,,,,,
2641,,,,,,
2642,,,,,,
2643,,,,,,
2644,,,,,,
2645,,,,,,
2646,,,,,,
2647,,,,,,
2648,,,,,,
2649,,,,,,
2650,,,,,,
2651,,,,,,
2652,,,,,,
2653,,,,,,
2654,,,,,,
2655,,,,,,
2656,,,,,,
2657,,,,,,
2658,,,,,,
2659,,,,,,
2660,,,,,,
2661,,,,,,
2662,,,,,,
2663,,,,,,
2664,,,,,,
2665,,,,,,
2666,,,,,,
2667,,,,,,
2668,,,,,,
2669,,,,,,
2670,,,,,,
2671,,,,,,
2672,,,,,,
2673,,,,,,
2674,,,,,,
2675,,,,,,
2676,,,,,,
2677,,,,,,
2678,,,,,,
2679,,,,,,
2680,,,,,,
2681,,,,,,
2682,,,,,,
2683,,,,,,
2684,,,,,,
2685,,,,,,
2686,,,,,,
2687,,,,,,
2688,,,,,,
2689,,,,,,
2690,,,,,,
2691,,,,,,
2692,,,,,,
2693,,,,,,
2694,,,,,,
2695,,,,,,
2696,,,,,,
2697,,,,,,
2698,,,,,,
2699,,,,,,
2700,,,,,,
2701,,,,,,
2702,,,,,,
2703,,,,,,
2704,,,,,,
2705,,,,,,
2706,,,,,,
2707,,,,,,
2708,,,,,,
2709,,,,,,
2710,,,,,,
2711,,,,,,
2712,,,,,,
2713,,,,,,
2714,,,,,,
2715,,,,,,
2716,,,,,,
2717,,,,,,
2718,,,,,,
2719,,,,,,
2720,,,,,,
2721,,,,,,
2722,,,,,,
2723,,,,,,
2724,,,,,,
2725,,,,,,
2726,,,,,,
2727,,,,,,
2728,,,,,,
2729,,,,,,
2730,,,,,,
2731,,,,,,
2732,,,,,,
2733,,,,,,
2734,,,,,,
2735,,,,,,
2736,,,,,,
2737,,,,,,
2738,,,,,,
2739,,,,,,
2740,,,,,,
2741,,,,,,
2742,,,,,,
2743,,,,,,
2744,,,,,,
2745,,,,,,
2746,,,,,,
2747,,,,,,
2748,,,,,,
2749,,,,,,
2750,,,,,,
2751,,,,,,
2752,,,,,,
2753,,,,,,
2754,,,,,,
2755,,,,,,
2756,,,,,,
2757,,,,,,
2758,,,,,,
2759,,,,,,
2760,,,,,,
2761,,,,,,
2762,,,,,,
2763,,,,,,
2764,,,,,,
2765,,,,,,
2766,,,,,,
2767,,,,,,
2768,,,,,,
2769,,,,,,
2770,,,,,,
2771,,,,,,
2772,,,,,,
2773,,,,,,
2774,,,,,,
2775,,,,,,
2776,,,,,,
2777,,,,,,
2778,,,,,,
2779,,,,,,
2780,,,,,,
2781,,,,,,
2782,,,,,,
2783,,,,,,
2784,,,,,,
2785,,,,,,
2786,,,,,,
2787,,,,,,
2788,,,,,,
2789,,,,,,
2790,,,,,,
2791,,,,,,
2792,,,,,,
2793,,,,,,
2794,,,,,,
2795,,,,,,
2796,,,,,,
2797,,,,,,
2798,,,,,,
2799,,,,,,
2800,,,,,,
2801,,,,,,
2802,,,,,,
2803,,,,,,
2804,,,,,,
2805,,,,,,
2806,,,,,,
2807,,,,,,
2808,,,,,,
2809,,,,,,
2810,,,,,,
2811,,,,,,
2812,,,,,,
2813,,,,,,
2814,,,,,,
2815,,,,,,
2816,,,,,,
2817,,,,,,
2818,,,,,,
2819,,,,,,
2820,,,,,,
2821,,,,,,
2822,,,,,,
2823,,,,,,
2824,,,,,,
2825,,,,,,
2826,,,,,,
2827,,,,,,
2828,,,,,,
2829,,,,,,
2830,,,,,,
2831,,,,,,
2832,,,,,,
2833,,,,,,
2834,,,,,,
2835,,,,,,
2836,,,,,,
2837,,,,,,
2838,,,,,,
2839,,,,,,
2840,,,,,,
2841,,,,,,
2842,,,,,,
2843,,,,,,
2844,,,,,,
2845,,,,,,
2846,,,,,,
2847,,,,,,
2848,,,,,,
2849,,,,,,
2850,,,,,,
2851,,,,,,
2852,,,,,,
2853,,,,,,
2854,,,,,,
2855,,,,,,
2856,,,,,,
2857,,,,,,
2858,,,,,,
2859,,,,,,
2860,,,,,,
2861,,,,,,
2862,,,,,,
2863,,,,,,
2864,,,,,,
2865,,,,,,
2866,,,,,,
2867,,,,,,
2868,,,,,,
2869,,,,,,
2870,,,,,,
2871,,,,,,
2872,,,,,,
2873,,,,,,
2874,,,,,,
2875,,,,,,
2876,,,,,,
2877,,,,,,
2878,,,,,,
2879,,,,,,
2880,,,,,,
2881,,,,,,
2882,,,,,,
2883,,,,,,
2884,,,,,,
2885,,,,,,
2886,,,,,,
2887,,,,,,
2888,,,,,,
2889,,,,,,
2890,,,,,,
2891,,,,,,
2892,,,,,,
2893,,,,,,
2894,,,,,,
2895,,,,,,
2896,,,,,,
2897,,,,,,
2898,,,,,,
2899,,,,,,
2900,,,,,,
2901,,,,,,
2902,,,,,,
2903,,,,,,
2904,,,,,,
2905,,,,,,
2906,,,,,,
2907,,,,,,
2908,,,,,,
2909,,,,,,
2910,,,,,,
2911,,,,,,
2912,,,,,,
2913,,,,,,
2914,,,,,,
2915,,,,,,
2916,,,,,,
2917,,,,,,
2918,,,,,,
2919,,,,,,
2920,,,,,,
2921,,,,,,
2922,,,,,,
2923,,,,,,
2924,,,,,,
2925,,,,,,
2926,,,,,,
2927,,,,,,
2928,,,,,,
2929,,,,,,
2930,,,,,,
2931,,,,,,
2932,,,,,,
2933,,,,,,
2934,,,,,,
2935,,,,,,
2936,,,,,,
2937,,,,,,
2938,,,,,,
2939,,,,,,
2940,,,,,,
2941,,,,,,
2942,,,,,,
2943,,,,,,
2944,,,,,,
2945,,,,,,
2946,,,,,,
2947,,,,,,
2948,,,,,,
2949,,,,,,
2950,,,,,,
2951,,,,,,
2952,,,,,,
2953,,,,,,
2954,,,,,,
2955,,,,,,
2956,,,,,,
2957,,,,,,
2958,,,,,,
2959,,,,,,
2960,,,,,,
2961,,,,,,
2962,,,,,,
2963,,,,,,
2964,,,,,,
2965,,,,,,
2966,,,,,,
2967,,,,,,
2968,,,,,,
2969,,,,,,
2970,,,,,,
2971,,,,,,
2972,,,,,,
2973,,,,,,
2974,,,,,,
2975,,,,,,
2976,,,,,,
2977,,,,,,
2978,,,,,,
2979,,,,,,
2980,,,,,,
2981,,,,,,
2982,,,,,,
2983,,,,,,
2984,,,,,,
2985,,,,,,
2986,,,,,,
2987,,,,,,
2988,,,,,,
2989,,,,,,
2990,,,,,,
2991,,,,,,
2992,,,,,,
2993,,,,,,
2994,,,,,,
2995,,,,,,
2996,,,,,,
2997,,,,,,
2998,,,,,,
2999,,,,,,
3000,,,,,,
